event_date_int,actor1_country,event_root_code,event_count,avg_goldstein,total_mentions,total_sources
20250101,ETH,19,40,-6.587639460707034,480,120
20250101,MMR,17,20,-6.648984755553224,240,60
20250101,IRN,18,12,-4.028032219522808,144,36
20250101,FRA,14,3,0.5763376005129452,36,9
20250101,USA,14,9,0.8401892266370731,108,27
20250101,CHN,18,7,-1.1895492835374266,84,21
20250102,ETH,14,45,-7.301264935346726,540,135
20250102,MMR,18,23,-6.157150694595371,276,69
20250102,IRN,14,10,-3.802509068625235,120,30
20250102,FRA,14,2,0.5398297049409857,24,6
20250102,USA,18,4,-0.09660123871613058,48,12
20250102,CHN,14,5,-0.9816810865275974,60,15
20250103,ETH,18,50,-7.571798014754423,600,150
20250103,MMR,17,28,-6.141382096402808,336,84
20250103,IRN,19,13,-3.478562261708523,156,39
20250103,FRA,18,2,1.0932422290092139,24,6
20250103,USA,14,6,1.0494063842072041,72,18
20250103,CHN,14,5,-1.3308064651777738,60,15
20250104,ETH,18,29,-7.136782722401502,348,87
20250104,MMR,17,29,-6.869395015737903,348,87
20250104,IRN,19,21,-3.686311760582232,252,63
20250104,FRA,18,3,1.9778347822243174,36,9
20250104,USA,14,3,0.801388416766724,36,9
20250104,CHN,17,4,-0.8264849489728101,48,12
20250105,ETH,14,36,-7.419531093818835,432,108
20250105,MMR,19,24,-6.3285742413411725,288,72
20250105,IRN,14,10,-4.052481594261834,120,30
20250105,FRA,18,3,1.2390812468316061,36,9
20250105,USA,18,8,0.41098748764033166,96,24
20250105,CHN,14,9,-0.37012241932068746,108,27
20250106,ETH,17,61,-6.758434094188741,732,183
20250106,MMR,19,28,-6.546930390093172,336,84
20250106,IRN,17,9,-4.630868996722286,108,27
20250106,FRA,19,3,2.150933998101345,36,9
20250106,USA,19,2,-0.15460840875814963,24,6
20250106,CHN,14,8,-0.24281243466267266,96,24
20250107,ETH,17,64,-7.48747450286053,768,192
20250107,MMR,18,30,-5.710313673953389,360,90
20250107,IRN,18,17,-3.851434245181281,204,51
20250107,FRA,19,2,1.3981296388059152,24,6
20250107,USA,17,4,0.6539398131829056,48,12
20250107,CHN,19,7,-1.110843969850335,84,21
20250108,ETH,18,24,-6.596775164326679,288,72
20250108,MMR,14,23,-7.219848658419062,276,69
20250108,IRN,19,21,-2.9459564856873484,252,63
20250108,FRA,14,3,1.269307710474154,36,9
20250108,USA,18,3,1.7847557564952559,36,9
20250108,CHN,14,6,-1.3235438201120993,72,18
20250109,ETH,19,47,-7.335279183496095,564,141
20250109,MMR,18,22,-6.404020556353972,264,66
20250109,IRN,14,20,-3.5405449521099306,240,60
20250109,FRA,14,2,1.6638992678617015,24,6
20250109,USA,14,1,0.8979567063408871,12,3
20250109,CHN,14,6,-0.7100425382636713,72,18
20250110,ETH,19,46,-6.794070470161899,552,138
20250110,MMR,14,33,-6.555835665332105,396,99
20250110,IRN,19,11,-4.244021970144367,132,33
20250110,FRA,14,1,1.226278208939821,12,3
20250110,USA,18,5,0.33055460496510736,60,15
20250110,CHN,17,4,-1.0361414772514619,48,12
20250111,ETH,17,42,-6.911068052192087,504,126
20250111,MMR,17,19,-6.861888280062359,228,57
20250111,IRN,19,25,-3.0842800886310795,300,75
20250111,FRA,18,5,1.0909581666973036,60,15
20250111,USA,18,6,0.779806112030943,72,18
20250111,CHN,17,9,-0.8989726815442096,108,27
20250112,ETH,17,42,-7.282700591592125,504,126
20250112,MMR,19,19,-6.436956347196785,228,57
20250112,IRN,18,12,-3.5904621451600285,144,36
20250112,FRA,19,3,1.658084072157943,36,9
20250112,USA,14,6,0.41774936788361455,72,18
20250112,CHN,17,7,-0.8060064329271038,84,21
20250113,ETH,14,40,-7.86432415579905,480,120
20250113,MMR,18,32,-6.8813481184253735,384,96
20250113,IRN,19,11,-4.281692293867633,132,33
20250113,FRA,18,3,1.2129176117674796,36,9
20250113,USA,18,3,1.155991662633756,36,9
20250113,CHN,19,8,-1.583765142472305,96,24
20250114,ETH,19,40,-6.305216721013846,480,120
20250114,MMR,17,12,-6.260623647677216,144,36
20250114,IRN,17,17,-3.849861740790856,204,51
20250114,FRA,19,3,1.7337876428809276,36,9
20250114,USA,14,6,0.5402972595930347,72,18
20250114,CHN,17,8,-0.8317873559614719,96,24
20250115,ETH,19,38,-7.670692073618683,456,114
20250115,MMR,14,31,-6.7526507668942575,372,93
20250115,IRN,14,9,-3.153522224238178,108,27
20250115,FRA,18,3,1.2421750861986665,36,9
20250115,USA,19,7,0.4379902719318428,84,21
20250115,CHN,18,8,-2.1586091084503125,96,24
20250116,ETH,18,42,-7.548699306727622,504,126
20250116,MMR,17,13,-7.258279109073102,156,39
20250116,IRN,19,10,-3.1669793262682124,120,30
20250116,FRA,14,2,2.045895466781656,24,6
20250116,USA,14,5,0.5749583080107151,60,15
20250116,CHN,14,8,-1.2143082773787912,96,24
20250117,ETH,18,43,-7.631703783816848,516,129
20250117,MMR,14,13,-6.610627082671006,156,39
20250117,IRN,17,13,-3.506376623599317,156,39
20250117,FRA,17,4,1.2916764910080953,48,12
20250117,USA,19,7,0.8565782102116908,84,21
20250117,CHN,14,10,-1.1946219850163429,120,30
20250118,ETH,19,48,-6.798167220309971,576,144
20250118,MMR,14,20,-6.196143753032728,240,60
20250118,IRN,17,21,-4.281700348071428,252,63
20250118,FRA,14,4,0.8751164767185371,48,12
20250118,USA,18,7,-0.09683286258875112,84,21
20250118,CHN,18,10,-0.8260562031493272,120,30
20250119,ETH,17,25,-7.41580021445567,300,75
20250119,MMR,14,9,-6.844452562699976,108,27
20250119,IRN,14,16,-3.9172175474358637,192,48
20250119,FRA,18,3,1.734995003571631,36,9
20250119,USA,19,5,0.5743208241067165,60,15
20250119,CHN,18,8,-0.729600504227127,96,24
20250120,ETH,19,27,-6.435710442980092,324,81
20250120,MMR,19,27,-6.64130803930759,324,81
20250120,IRN,18,16,-3.8607168556838527,192,48
20250120,FRA,14,2,1.6380094086695807,24,6
20250120,USA,17,2,0.24352106365150583,24,6
20250120,CHN,18,4,-1.1119208472935267,48,12
20250121,ETH,18,35,-7.772625304424061,420,105
20250121,MMR,14,28,-4.688216155815997,336,84
20250121,IRN,18,8,-4.155359426825212,96,24
20250121,FRA,19,3,0.5940954810813684,36,9
20250121,USA,14,3,0.4807909903023887,36,9
20250121,CHN,14,11,-1.3523986961356833,132,33
20250122,ETH,14,42,-7.582780718208966,504,126
20250122,MMR,17,17,-6.517565042447544,204,51
20250122,IRN,17,14,-3.935212063601208,168,42
20250122,FRA,17,2,1.6057107760037883,24,6
20250122,USA,19,11,-0.8910845588116116,132,33
20250122,CHN,19,7,-1.4375452609754829,84,21
20250123,ETH,14,47,-6.233652126002403,564,141
20250123,MMR,19,32,-6.054798553770363,384,96
20250123,IRN,18,15,-3.8299100355627362,180,45
20250123,FRA,14,4,1.7671948849363985,48,12
20250123,USA,14,5,0.5960551845283536,60,15
20250123,CHN,17,7,-1.395688419331016,84,21
20250124,ETH,14,33,-8.596178579876945,396,99
20250124,MMR,14,33,-6.216761215286095,396,99
20250124,IRN,17,13,-3.781006110233304,156,39
20250124,FRA,19,3,0.26261822521066813,36,9
20250124,USA,14,5,1.3048434158941187,60,15
20250124,CHN,19,11,-0.2870808771398633,132,33
20250125,ETH,17,26,-6.914765212646534,312,78
20250125,MMR,18,25,-6.018723372823777,300,75
20250125,IRN,18,14,-4.749994506528319,168,42
20250125,FRA,14,3,1.2775507735629066,36,9
20250125,USA,14,6,0.44138892755955206,72,18
20250125,CHN,18,8,-1.006803515266651,96,24
20250126,ETH,17,49,-7.4736081845186035,588,147
20250126,MMR,19,20,-5.6281306110046945,240,60
20250126,IRN,14,14,-3.803307134858129,168,42
20250126,FRA,18,2,1.1255131015228201,24,6
20250126,USA,19,6,0.8071818597300273,72,18
20250126,CHN,19,5,-1.297341641213053,60,15
20250127,ETH,17,38,-8.380089285313058,456,114
20250127,MMR,17,28,-6.770022929306712,336,84
20250127,IRN,19,17,-3.8177244682153075,204,51
20250127,FRA,19,4,1.6770982517285462,48,12
20250127,USA,19,6,0.12484323974841621,72,18
20250127,CHN,19,9,-1.1041732813654903,108,27
20250128,ETH,18,30,-7.313644236723965,360,90
20250128,MMR,19,31,-6.521419612498762,372,93
20250128,IRN,17,12,-3.505806118660038,144,36
20250128,FRA,19,4,1.8038336810072966,48,12
20250128,USA,19,5,0.3603300024739186,60,15
20250128,CHN,17,9,-0.9440483598776293,108,27
20250129,ETH,14,22,-7.9080521031006015,264,66
20250129,MMR,18,26,-7.101909817105779,312,78
20250129,IRN,19,8,-4.039107162904357,96,24
20250129,FRA,17,1,1.874111859035679,12,3
20250129,USA,14,10,1.4099248593889515,120,30
20250129,CHN,18,6,-1.2470453095823875,72,18
20250130,ETH,18,37,-6.550436392780869,444,111
20250130,MMR,18,28,-6.875727100906584,336,84
20250130,IRN,14,13,-4.173878870094786,156,39
20250130,FRA,14,3,0.6423551139284797,36,9
20250130,USA,19,5,1.024119672923959,60,15
20250130,CHN,17,10,-1.2286264779183396,120,30
20250131,ETH,17,31,-7.38162739596083,372,93
20250131,MMR,14,22,-5.959908160528494,264,66
20250131,IRN,14,23,-4.096107387365527,276,69
20250131,FRA,14,3,0.5562420852853259,36,9
20250131,USA,14,5,1.6947139193200975,60,15
20250131,CHN,17,9,-0.9293150761257842,108,27
20250201,ETH,17,37,-6.843597737857492,444,111
20250201,MMR,14,38,-6.864409948540822,456,114
20250201,IRN,18,18,-4.7740638330689205,216,54
20250201,FRA,18,3,2.1773905378537366,36,9
20250201,USA,17,6,0.8939817451969861,72,18
20250201,CHN,14,4,-0.9533596485703176,48,12
20250202,ETH,14,52,-6.70371439542337,624,156
20250202,MMR,19,21,-7.5404134768062185,252,63
20250202,IRN,18,14,-3.8403701797335867,168,42
20250202,FRA,18,1,2.0251379543362833,12,3
20250202,USA,17,4,0.20301002828379955,48,12
20250202,CHN,17,7,-0.404119977675353,84,21
20250203,ETH,14,42,-7.825754007278689,504,126
20250203,MMR,19,34,-6.133594415356545,408,102
20250203,IRN,17,13,-4.514788775982495,156,39
20250203,FRA,18,1,1.086906145761049,12,3
20250203,USA,19,6,0.1273485345636468,72,18
20250203,CHN,18,9,-0.60765322954911,108,27
20250204,ETH,19,42,-7.343681225303845,504,126
20250204,MMR,19,24,-6.263570662536683,288,72
20250204,IRN,17,14,-4.626334066596944,168,42
20250204,FRA,17,4,1.1093642568731759,48,12
20250204,USA,14,5,0.800111159919465,60,15
20250204,CHN,14,10,-0.46447653569060865,120,30
20250205,ETH,18,50,-7.591084027139149,600,150
20250205,MMR,14,21,-6.967367133599531,252,63
20250205,IRN,14,20,-4.012238902112588,240,60
20250205,FRA,17,3,1.024190481085867,36,9
20250205,USA,14,4,0.7488104744831854,48,12
20250205,CHN,19,8,-0.7109537661139115,96,24
20250206,ETH,14,52,-7.4802471931202925,624,156
20250206,MMR,19,26,-7.17437155358902,312,78
20250206,IRN,14,12,-3.448677935231208,144,36
20250206,FRA,18,4,1.5215088430545942,48,12
20250206,USA,19,5,0.3136770017784568,60,15
20250206,CHN,19,8,-0.3373605379417216,96,24
20250207,ETH,18,35,-7.204685636662663,420,105
20250207,MMR,17,29,-6.258795492082637,348,87
20250207,IRN,14,15,-4.799799371961333,180,45
20250207,FRA,18,2,1.5816130572113873,24,6
20250207,USA,18,4,-0.10390992719717296,48,12
20250207,CHN,18,6,-1.089237445412181,72,18
20250208,ETH,19,27,-6.35188792866706,324,81
20250208,MMR,19,23,-5.862650544624475,276,69
20250208,IRN,18,16,-4.128204787494311,192,48
20250208,FRA,14,2,1.8839676921285804,24,6
20250208,USA,19,3,0.7890939712853119,36,9
20250208,CHN,14,3,-0.6078292926984541,36,9
20250209,ETH,14,58,-6.707373893555184,696,174
20250209,MMR,14,10,-6.373921694176999,120,30
20250209,IRN,19,6,-4.8939813750412995,72,18
20250209,USA,14,6,1.643944884187267,72,18
20250209,CHN,17,6,-0.9446444518026649,72,18
20250210,ETH,14,36,-6.8923078574479915,432,108
20250210,MMR,17,38,-6.218051527991466,456,114
20250210,IRN,18,16,-4.712172835330066,192,48
20250210,FRA,19,4,1.0236140056580716,48,12
20250210,USA,17,9,0.5280730590694883,108,27
20250210,CHN,19,7,-0.8862835723942781,84,21
20250211,ETH,18,43,-6.441162512681855,516,129
20250211,MMR,17,35,-7.200274941970297,420,105
20250211,IRN,18,7,-3.436929381654719,84,21
20250211,FRA,18,2,0.9629640024729155,24,6
20250211,USA,19,5,-0.13934756312439267,60,15
20250211,CHN,14,11,-1.0609971338190032,132,33
20250212,ETH,17,37,-6.596951103364963,444,111
20250212,MMR,17,13,-6.604617133789386,156,39
20250212,IRN,19,17,-3.7639916104095024,204,51
20250212,FRA,17,2,1.312684408878956,24,6
20250212,USA,19,6,0.4487099170876743,72,18
20250212,CHN,17,6,-0.8181080193452394,72,18
20250213,ETH,14,67,-7.445615935392906,804,201
20250213,MMR,14,27,-7.5390843380038515,324,81
20250213,IRN,17,6,-4.594329675057915,72,18
20250213,FRA,14,2,1.6956834861976642,24,6
20250213,USA,14,8,0.38898032465178234,96,24
20250213,CHN,18,3,-0.4906903821635682,36,9
20250214,ETH,19,42,-7.8492495839063405,504,126
20250214,MMR,18,33,-5.932878938398567,396,99
20250214,IRN,19,22,-4.382411687778158,264,66
20250214,FRA,17,1,0.9523557106846913,12,3
20250214,USA,19,7,-0.09761938898181854,84,21
20250214,CHN,18,9,-1.216389188330823,108,27
20250215,ETH,18,29,-7.081212615072594,348,87
20250215,MMR,14,9,-6.698077084613902,108,27
20250215,IRN,14,18,-4.6269101775875745,216,54
20250215,FRA,18,4,0.9309162388667687,48,12
20250215,USA,17,8,1.3314655186204922,96,24
20250215,CHN,17,7,-0.991973515677013,84,21
20250216,ETH,19,31,-7.356016769887619,372,93
20250216,MMR,18,37,-6.427303087899813,444,111
20250216,IRN,17,16,-4.029044903151252,192,48
20250216,FRA,17,3,1.3151416394221467,36,9
20250216,USA,14,6,1.7068038394058245,72,18
20250216,CHN,14,8,0.024845876397535438,96,24
20250217,ETH,18,40,-7.748650962188219,480,120
20250217,MMR,14,30,-6.748611257239219,360,90
20250217,IRN,18,16,-4.06338346242422,192,48
20250217,FRA,18,2,1.2033119986615135,24,6
20250217,USA,18,8,0.13949989456362127,96,24
20250217,CHN,18,6,-1.2768821633920266,72,18
20250218,ETH,18,57,-6.542133898722023,684,171
20250218,MMR,14,23,-6.273492934459526,276,69
20250218,IRN,14,18,-3.5160977591305183,216,54
20250218,FRA,18,3,2.1951793035263547,36,9
20250218,USA,18,3,1.214744153517866,36,9
20250218,CHN,19,8,-1.1593138640468812,96,24
20250219,ETH,14,62,-6.707985011195626,744,186
20250219,MMR,17,10,-6.569924974289611,120,30
20250219,IRN,17,14,-4.256577613370183,168,42
20250219,FRA,19,1,1.0301551299518434,12,3
20250219,USA,17,5,0.19880735712643022,60,15
20250219,CHN,19,6,-0.808112920767836,72,18
20250220,ETH,19,31,-7.672405345753983,372,93
20250220,MMR,14,21,-6.437039312166041,252,63
20250220,IRN,14,16,-4.1640818340318555,192,48
20250220,FRA,14,2,0.5782874949414742,24,6
20250220,USA,19,9,0.10617822412109024,108,27
20250220,CHN,14,6,-0.8887831373675756,72,18
20250221,ETH,18,40,-7.491659648550358,480,120
20250221,MMR,19,12,-5.902369305637622,144,36
20250221,IRN,18,10,-3.3186225691056963,120,30
20250221,FRA,14,1,1.7529457747611588,12,3
20250221,USA,18,6,0.8454440005591375,72,18
20250221,CHN,14,6,-1.9335313505720726,72,18
20250222,ETH,18,25,-7.738053877318983,300,75
20250222,MMR,19,13,-6.831942582718312,156,39
20250222,IRN,14,5,-2.758258679025785,60,15
20250222,FRA,18,2,2.1198941179103103,24,6
20250222,USA,18,8,-0.07567046467877425,96,24
20250222,CHN,19,5,-0.43525710326622113,60,15
20250223,ETH,18,36,-7.604348929182267,432,108
20250223,MMR,18,24,-7.194775185952914,288,72
20250223,IRN,17,13,-4.691737809961573,156,39
20250223,FRA,18,5,1.9755810395666928,60,15
20250223,USA,18,5,0.8295633079072067,60,15
20250223,CHN,17,3,-1.6680826077149622,36,9
20250224,ETH,14,24,-7.552362956241047,288,72
20250224,MMR,14,22,-6.149660625840236,264,66
20250224,IRN,17,16,-4.4721682970321766,192,48
20250224,FRA,19,3,2.0901144265797047,36,9
20250224,USA,14,4,-0.8816125431942621,48,12
20250224,CHN,19,7,-0.7655063234572022,84,21
20250225,ETH,19,37,-6.758181848333497,444,111
20250225,MMR,19,29,-6.75677281095863,348,87
20250225,IRN,18,15,-3.899403997903723,180,45
20250225,FRA,14,2,1.5695113305205037,24,6
20250225,USA,14,7,0.8236521622221911,84,21
20250225,CHN,18,8,0.2920013581470011,96,24
20250226,ETH,18,43,-6.678980956467678,516,129
20250226,MMR,18,40,-6.367734975755895,480,120
20250226,IRN,17,20,-3.1561683645302283,240,60
20250226,FRA,19,3,1.5454197881933038,36,9
20250226,USA,19,3,1.0588339325723575,36,9
20250226,CHN,19,7,-1.0720683573354892,84,21
20250227,ETH,18,19,-7.702347977325629,228,57
20250227,MMR,17,25,-5.962338638354106,300,75
20250227,IRN,14,7,-3.8654335608251014,84,21
20250227,FRA,17,3,1.9649858851627078,36,9
20250227,USA,19,6,0.5443367745498399,72,18
20250227,CHN,18,7,-0.4806090779639416,84,21
20250228,ETH,14,32,-6.9348807011414015,384,96
20250228,MMR,14,24,-6.626193190259295,288,72
20250228,IRN,19,25,-4.323366582243243,300,75
20250228,FRA,14,3,1.809618382387924,36,9
20250228,USA,14,6,0.7180171781877247,72,18
20250228,CHN,19,9,-0.9891328800750131,108,27
20250301,ETH,18,25,-7.077702110941127,300,75
20250301,MMR,17,15,-6.5241231234677635,180,45
20250301,IRN,19,22,-3.7050079121776958,264,66
20250301,FRA,18,3,1.0338696348573104,36,9
20250301,USA,17,1,0.2946497821991488,12,3
20250301,CHN,14,7,0.07627388737610286,84,21
20250302,ETH,14,24,-5.954546784021603,288,72
20250302,MMR,19,37,-6.309095982493083,444,111
20250302,IRN,17,27,-3.952812541308209,324,81
20250302,FRA,18,2,0.822334094092072,24,6
20250302,USA,18,6,0.45209318082295913,72,18
20250302,CHN,19,8,-1.5223954533465682,96,24
20250303,ETH,14,55,-7.700335433158061,660,165
20250303,MMR,18,32,-6.307061363086599,384,96
20250303,IRN,18,10,-3.9713776878589497,120,30
20250303,FRA,14,2,0.9501156363920435,24,6
20250303,USA,17,6,0.8195724116754062,72,18
20250303,CHN,18,5,-1.428424546122385,60,15
20250304,ETH,18,37,-7.508908731295848,444,111
20250304,MMR,17,18,-6.009341862534413,216,54
20250304,IRN,17,18,-4.461272275391471,216,54
20250304,FRA,14,3,0.7939808930875383,36,9
20250304,USA,19,7,0.5516811315275538,84,21
20250304,CHN,19,7,-0.6103965074916924,84,21
20250305,ETH,14,50,-6.592303026774189,600,150
20250305,MMR,14,30,-6.686824799404577,360,90
20250305,IRN,17,20,-4.376941498205178,240,60
20250305,FRA,18,3,2.2280824779114488,36,9
20250305,USA,17,8,0.9564143482076686,96,24
20250305,CHN,19,7,-0.7289629589199286,84,21
20250306,ETH,17,38,-6.514304479639737,456,114
20250306,MMR,14,29,-5.860292997227994,348,87
20250306,IRN,17,13,-3.696769084273868,156,39
20250306,FRA,14,1,1.0329045210277388,12,3
20250306,USA,19,4,-0.44959598035629,48,12
20250306,CHN,19,12,-0.875559796266115,144,36
20250307,ETH,14,53,-7.255751645077621,636,159
20250307,MMR,19,29,-6.396915772793981,348,87
20250307,IRN,19,12,-3.7449801259843998,144,36
20250307,FRA,19,3,0.5785822998068609,36,9
20250307,USA,19,3,0.8729538945824873,36,9
20250307,CHN,19,8,-2.0055885295690623,96,24
20250308,ETH,17,7,-7.508143273730935,84,21
20250308,MMR,18,22,-6.319487817498845,264,66
20250308,IRN,17,14,-4.59012141532208,168,42
20250308,FRA,14,2,1.5386981248238185,24,6
20250308,USA,17,5,1.635785218534696,60,15
20250308,CHN,17,7,-1.4963346975844716,84,21
20250309,ETH,17,35,-6.936525281213281,420,105
20250309,MMR,17,29,-6.301631131323243,348,87
20250309,IRN,17,15,-4.940097869242684,180,45
20250309,USA,19,10,0.47161816016470637,120,30
20250309,CHN,17,4,-1.637738463364268,48,12
20250310,ETH,14,56,-7.362165587591381,672,168
20250310,MMR,17,31,-6.428384430215964,372,93
20250310,IRN,19,18,-2.8032742077899675,216,54
20250310,FRA,17,1,0.8188864869865414,12,3
20250310,USA,17,6,0.47205405897513114,72,18
20250310,CHN,14,10,-1.2654186386410804,120,30
20250311,ETH,18,25,-6.415643484106839,300,75
20250311,MMR,17,37,-6.71912627469113,444,111
20250311,IRN,19,9,-4.1123175974199135,108,27
20250311,FRA,14,3,1.7545858625503947,36,9
20250311,USA,19,3,0.5088651207868803,36,9
20250311,CHN,14,8,-1.0118486287890809,96,24
20250312,ETH,14,37,-7.136570219499353,444,111
20250312,MMR,19,26,-6.845377908958152,312,78
20250312,IRN,18,16,-5.057580603359677,192,48
20250312,FRA,17,3,1.3678492169484324,36,9
20250312,USA,19,7,0.4521287385014468,84,21
20250312,CHN,14,8,-1.0059282038053032,96,24
20250313,ETH,19,34,-6.27865586087056,408,102
20250313,MMR,18,12,-6.6707609700122745,144,36
20250313,IRN,19,18,-3.7163657645727675,216,54
20250313,FRA,14,3,2.131686350822648,36,9
20250313,USA,18,6,-0.006705898044806369,72,18
20250313,CHN,14,8,-1.1804264611779924,96,24
20250314,ETH,18,33,-6.470879664314653,396,99
20250314,MMR,19,19,-6.855477859036292,228,57
20250314,IRN,18,18,-3.021121546873773,216,54
20250314,FRA,18,4,1.614795645771991,48,12
20250314,USA,18,5,0.41239148792156066,60,15
20250314,CHN,14,5,-0.995882617140857,60,15
20250315,ETH,17,37,-7.414654384536091,444,111
20250315,MMR,19,38,-6.151866908655212,456,114
20250315,IRN,14,19,-4.51131075889211,228,57
20250315,FRA,19,2,1.6220358906848495,24,6
20250315,USA,14,5,0.9807097648265412,60,15
20250315,CHN,19,8,-1.492007466119523,96,24
20250316,ETH,17,34,-7.109530805578167,408,102
20250316,MMR,18,15,-6.58937367969887,180,45
20250316,IRN,19,18,-4.456938234307699,216,54
20250316,FRA,19,2,1.5621754977617237,24,6
20250316,USA,19,6,0.4273942868592874,72,18
20250316,CHN,17,5,-0.2875036924653226,60,15
20250317,ETH,19,43,-7.047241685961552,516,129
20250317,MMR,19,16,-6.659652266482685,192,48
20250317,IRN,17,16,-3.969909075293443,192,48
20250317,USA,14,5,0.6763270469279332,60,15
20250317,CHN,14,10,0.24510438292138148,120,30
20250318,ETH,19,57,-6.526168096193089,684,171
20250318,MMR,17,32,-6.0764747537584824,384,96
20250318,IRN,18,17,-4.26301027282524,204,51
20250318,FRA,17,3,1.2674902053139898,36,9
20250318,USA,14,5,0.36835259015857574,60,15
20250318,CHN,19,8,-0.7275434137388952,96,24
20250319,ETH,19,16,-7.3409641118262,192,48
20250319,MMR,14,11,-6.241531720893866,132,33
20250319,IRN,17,15,-4.055317612032506,180,45
20250319,FRA,18,3,0.9468740167804683,36,9
20250319,USA,18,7,-0.2562983988178894,84,21
20250319,CHN,14,7,-1.4258401398129141,84,21
20250320,ETH,19,42,-6.835653793488441,504,126
20250320,MMR,19,15,-6.688283121902868,180,45
20250320,IRN,19,5,-4.093537079684366,60,15
20250320,FRA,17,2,1.0622186390276986,24,6
20250320,USA,18,9,0.23327659544190082,108,27
20250320,CHN,18,11,-0.7730766806771412,132,33
20250321,ETH,19,49,-6.748846163188625,588,147
20250321,MMR,14,36,-6.673356858007459,432,108
20250321,IRN,18,8,-5.335878157336332,96,24
20250321,FRA,18,2,1.6891811305250763,24,6
20250321,USA,18,6,0.32490175544734523,72,18
20250321,CHN,18,6,-0.8055119930756683,72,18
20250322,ETH,18,18,-6.835539078846045,216,54
20250322,MMR,17,13,-6.817259165587911,156,39
20250322,IRN,19,13,-4.523879599789925,156,39
20250322,FRA,18,1,0.9559837544677425,12,3
20250322,USA,19,10,0.28948456889523144,120,30
20250322,CHN,19,6,-1.5388807342739466,72,18
20250323,ETH,17,10,-7.331258870896825,120,30
20250323,MMR,19,27,-6.500754214659654,324,81
20250323,IRN,18,8,-4.0214786183238,96,24
20250323,FRA,18,3,1.7138037331720244,36,9
20250323,USA,17,4,0.9361500192610686,48,12
20250323,CHN,19,7,-0.6517648812361576,84,21
20250324,ETH,14,36,-7.846408312437919,432,108
20250324,MMR,19,29,-6.949824326142036,348,87
20250324,IRN,14,9,-3.5830560847164463,108,27
20250324,FRA,19,2,1.8629748432438689,24,6
20250324,USA,18,10,1.3954969043023056,120,30
20250324,CHN,19,6,-0.7503059430550677,72,18
20250325,ETH,18,50,-7.187442203657599,600,150
20250325,MMR,19,16,-6.197448626560924,192,48
20250325,IRN,14,8,-4.188798044307932,96,24
20250325,FRA,18,3,1.7567498825539827,36,9
20250325,USA,17,7,0.7652860923012292,84,21
20250325,CHN,17,7,-0.6978975623352728,84,21
20250326,ETH,19,56,-6.218045864023674,672,168
20250326,MMR,18,24,-5.782859828224552,288,72
20250326,IRN,17,22,-3.835953764392834,264,66
20250326,FRA,14,3,1.7854993617424055,36,9
20250326,USA,14,4,0.42067933368810073,48,12
20250326,CHN,18,7,-2.062840467741362,84,21
20250327,ETH,18,29,-7.040388754461254,348,87
20250327,MMR,14,24,-6.292710409325415,288,72
20250327,IRN,14,18,-3.583310324686978,216,54
20250327,FRA,18,2,1.3251331238910824,24,6
20250327,USA,14,4,-0.25639557529934676,48,12
20250327,CHN,14,7,0.06845825329869659,84,21
20250328,ETH,14,38,-7.320565945972874,456,114
20250328,MMR,18,21,-6.9792642629836745,252,63
20250328,IRN,17,14,-4.393173052948778,168,42
20250328,FRA,17,2,2.0411004529836507,24,6
20250328,USA,19,3,0.4811835879414329,36,9
20250328,CHN,19,11,-1.097136508743706,132,33
20250329,ETH,14,29,-8.517552766800176,348,87
20250329,MMR,19,24,-6.742334022939713,288,72
20250329,IRN,17,5,-3.8752299682042484,60,15
20250329,FRA,17,3,1.9467971419775003,36,9
20250329,USA,19,5,0.6914682907355029,60,15
20250329,CHN,17,4,-0.9155145888355417,48,12
20250330,ETH,17,52,-6.677115983013164,624,156
20250330,MMR,17,22,-6.9458853563585246,264,66
20250330,IRN,19,4,-4.074485961541298,48,12
20250330,FRA,17,3,1.8474032138336347,36,9
20250330,USA,14,6,0.7183085928771222,72,18
20250330,CHN,17,6,-0.6195398247277977,72,18
20250331,ETH,14,47,-7.263403478316734,564,141
20250331,MMR,19,21,-6.576969121053377,252,63
20250331,IRN,19,12,-5.0139815151279965,144,36
20250331,FRA,19,3,1.3250967604360868,36,9
20250331,USA,19,5,0.6221924308737936,60,15
20250331,CHN,19,4,-0.6800748972329056,48,12
20250401,ETH,17,49,-6.573663426322932,588,147
20250401,MMR,14,18,-6.339871642896822,216,54
20250401,IRN,14,21,-3.424197124575008,252,63
20250401,FRA,17,2,1.638648139483557,24,6
20250401,USA,17,2,0.16277506621693189,24,6
20250401,CHN,18,6,-1.3285928880278464,72,18
20250402,ETH,19,58,-7.195469178403217,696,174
20250402,MMR,19,11,-6.98720255362277,132,33
20250402,IRN,18,18,-3.1472065064927848,216,54
20250402,FRA,18,2,2.0204603599765605,24,6
20250402,USA,19,6,-0.11366637327446005,72,18
20250402,CHN,18,5,-0.5179901545493606,60,15
20250403,ETH,14,36,-6.872739967261939,432,108
20250403,MMR,18,38,-5.781210654415675,456,114
20250403,IRN,17,21,-4.804263529159433,252,63
20250403,FRA,18,4,1.4378010680608146,48,12
20250403,USA,19,3,-0.2945038465075699,36,9
20250403,CHN,17,5,-1.58754395385378,60,15
20250404,ETH,17,30,-7.508354290262418,360,90
20250404,MMR,17,30,-6.572947135537858,360,90
20250404,IRN,14,21,-4.160621486936165,252,63
20250404,FRA,18,3,1.6645731711494596,36,9
20250404,USA,14,6,0.587671187639292,72,18
20250404,CHN,18,7,-1.1497646120472313,84,21
20250405,ETH,19,34,-6.6833123271186885,408,102
20250405,MMR,14,32,-6.186338461226681,384,96
20250405,IRN,18,12,-3.770539827688915,144,36
20250405,FRA,14,2,2.0081337464541966,24,6
20250405,USA,19,6,-0.11284355528609713,72,18
20250405,CHN,18,4,-1.5909218100042377,48,12
20250406,ETH,14,35,-6.889861647502432,420,105
20250406,MMR,17,36,-5.8113234698445995,432,108
20250406,IRN,19,20,-4.217209858369995,240,60
20250406,FRA,18,1,1.805203666533937,12,3
20250406,USA,19,10,1.2158876552587292,120,30
20250406,CHN,18,9,-1.5226356680364597,108,27
20250407,ETH,17,42,-7.33477640479476,504,126
20250407,MMR,17,38,-8.027204892937899,456,114
20250407,IRN,19,21,-4.450150265300845,252,63
20250407,FRA,18,3,1.6271101961530676,36,9
20250407,USA,17,7,0.6026989496802938,84,21
20250407,CHN,14,6,-0.7947908484271832,72,18
20250408,ETH,14,39,-6.83966945427508,468,117
20250408,MMR,18,20,-6.379495698070042,240,60
20250408,IRN,18,16,-3.817947024026895,192,48
20250408,FRA,18,2,1.6175688925760623,24,6
20250408,USA,18,6,1.1822914738990473,72,18
20250408,CHN,18,8,-0.7272836865420518,96,24
20250409,ETH,19,50,-6.688810884931899,600,150
20250409,MMR,17,27,-5.909648611066645,324,81
20250409,IRN,17,11,-3.7034735498301323,132,33
20250409,FRA,19,1,1.1170832685178511,12,3
20250409,USA,18,8,1.3915561921906283,96,24
20250409,CHN,19,10,-1.4629108258650534,120,30
20250410,ETH,18,29,-6.85978097903912,348,87
20250410,MMR,18,27,-6.336693404817067,324,81
20250410,IRN,17,17,-3.6658973178501126,204,51
20250410,FRA,18,4,1.6095980551852382,48,12
20250410,USA,17,2,-0.1546726725114258,24,6
20250410,CHN,17,6,-0.8834198059981739,72,18
20250411,ETH,18,52,-7.412316550688654,624,156
20250411,MMR,14,21,-6.430299030174967,252,63
20250411,IRN,19,12,-3.783029378272192,144,36
20250411,FRA,18,3,1.8847038460925738,36,9
20250411,USA,17,6,0.5739125876342752,72,18
20250411,CHN,19,11,-0.5998222882286043,132,33
20250412,ETH,18,40,-7.428592303465272,480,120
20250412,MMR,18,21,-6.4943246576978355,252,63
20250412,IRN,18,11,-4.212024619186843,132,33
20250412,FRA,18,4,2.0694726953136726,48,12
20250412,USA,19,6,0.9302323824376388,72,18
20250412,CHN,14,6,0.3167178795291756,72,18
20250413,ETH,19,49,-6.699708438792121,588,147
20250413,MMR,19,26,-7.083103891215183,312,78
20250413,IRN,17,10,-3.788017157800239,120,30
20250413,FRA,17,3,1.4031639501178692,36,9
20250413,USA,18,5,0.4024724940528838,60,15
20250413,CHN,14,5,-1.045554757467603,60,15
20250414,ETH,17,19,-7.694703177892225,228,57
20250414,MMR,17,19,-6.387703569103264,228,57
20250414,IRN,14,12,-4.048371008727264,144,36
20250414,FRA,18,1,1.7464555748698667,12,3
20250414,USA,19,6,0.2566567268752148,72,18
20250414,CHN,19,8,-0.9325362856952506,96,24
20250415,ETH,19,58,-7.413540750938985,696,174
20250415,MMR,19,28,-6.631348690030909,336,84
20250415,IRN,17,9,-3.6696981320632185,108,27
20250415,FRA,18,3,1.494988529215659,36,9
20250415,USA,18,5,0.035215236006236605,60,15
20250415,CHN,19,8,-1.0327317649151466,96,24
20250416,ETH,14,21,-7.397023057789557,252,63
20250416,MMR,19,30,-6.762580976643811,360,90
20250416,IRN,14,17,-4.1584685478891386,204,51
20250416,FRA,14,2,2.230804966130145,24,6
20250416,USA,18,7,0.7144885949806918,84,21
20250416,CHN,19,5,-1.673652198069092,60,15
20250417,ETH,19,45,-7.785911067159193,540,135
20250417,MMR,17,40,-5.918214355317201,480,120
20250417,IRN,17,18,-4.91720960992717,216,54
20250417,FRA,17,2,2.0378034829957987,24,6
20250417,USA,17,2,0.20952453817051891,24,6
20250417,CHN,19,5,-1.3519816313085984,60,15
20250418,ETH,17,61,-7.164656231908207,732,183
20250418,MMR,17,22,-6.19869618723622,264,66
20250418,IRN,17,18,-4.491450616044078,216,54
20250418,FRA,17,4,1.329323759761952,48,12
20250418,USA,17,6,1.3229742155565598,72,18
20250418,CHN,17,7,-0.38124972447530914,84,21
20250419,ETH,19,46,-6.668956125651185,552,138
20250419,MMR,18,32,-6.217153556191625,384,96
20250419,IRN,17,19,-4.046424493710261,228,57
20250419,FRA,17,4,1.0071899793581716,48,12
20250419,USA,18,8,0.6809948269224487,96,24
20250419,CHN,18,6,-0.48907042116770316,72,18
20250420,ETH,19,32,-6.848328212940046,384,96
20250420,MMR,17,23,-6.566707800597953,276,69
20250420,IRN,19,20,-4.591759144166697,240,60
20250420,FRA,18,2,0.8586734170206094,24,6
20250420,USA,19,2,0.7526455681480098,24,6
20250420,CHN,19,7,-0.9605660523354964,84,21
20250421,ETH,17,27,-5.775412419325509,324,81
20250421,MMR,14,16,-7.242415386729396,192,48
20250421,IRN,17,12,-3.268576977228026,144,36
20250421,FRA,19,2,1.226633373791298,24,6
20250421,USA,17,9,0.550269837096129,108,27
20250421,CHN,18,5,-1.216469875699166,60,15
20250422,ETH,18,46,-7.1620936445934165,552,138
20250422,MMR,17,26,-6.984431592767158,312,78
20250422,IRN,18,7,-3.5438767818530246,84,21
20250422,FRA,19,2,1.2361944720047044,24,6
20250422,USA,18,1,-0.17040130815551047,12,3
20250422,CHN,17,10,-1.2234718018350659,120,30
20250423,ETH,17,21,-7.496161840208162,252,63
20250423,MMR,18,21,-6.569598537045193,252,63
20250423,IRN,14,11,-4.320219321637284,132,33
20250423,FRA,18,2,1.3955120894313284,24,6
20250423,USA,17,9,0.5690188544395928,108,27
20250423,CHN,19,8,-0.5205470195058521,96,24
20250424,ETH,17,26,-8.043403122262918,312,78
20250424,MMR,19,16,-7.106995195147244,192,48
20250424,IRN,14,21,-4.046335289064059,252,63
20250424,FRA,14,1,2.3564288033273213,12,3
20250424,USA,14,4,-0.19033259397367885,48,12
20250424,CHN,17,8,-0.5275006979319194,96,24
20250425,ETH,14,35,-7.141934030475934,420,105
20250425,MMR,18,27,-5.461457168422032,324,81
20250425,IRN,18,14,-3.3861589037811406,168,42
20250425,FRA,19,2,0.9975990311551437,24,6
20250425,USA,14,4,0.6717922140340715,48,12
20250425,CHN,17,6,-1.3111300173736864,72,18
20250426,ETH,17,40,-7.277583752889417,480,120
20250426,MMR,19,21,-5.996197864335154,252,63
20250426,IRN,19,30,-4.629237198148499,360,90
20250426,FRA,14,3,1.007558754340915,36,9
20250426,USA,14,6,0.024862494908745036,72,18
20250426,CHN,17,7,-2.0462625578784404,84,21
20250427,ETH,14,42,-7.012420635653424,504,126
20250427,MMR,18,16,-6.3600036514597855,192,48
20250427,IRN,17,12,-3.4297687155422536,144,36
20250427,FRA,14,1,1.34743507773135,12,3
20250427,USA,19,3,0.37543028439148995,36,9
20250427,CHN,17,7,-1.7834154254485735,84,21
20250428,ETH,18,36,-7.463665383264954,432,108
20250428,MMR,18,37,-6.006741862353168,444,111
20250428,IRN,19,5,-3.864591762842471,60,15
20250428,FRA,19,2,1.1108510260766662,24,6
20250428,USA,14,1,-0.3111012546354882,12,3
20250428,CHN,19,10,-1.4720554269931443,120,30
20250429,ETH,17,49,-7.613349694518751,588,147
20250429,MMR,19,18,-5.953198171730975,216,54
20250429,IRN,18,24,-4.52461750562464,288,72
20250429,FRA,18,3,2.5138968687577172,36,9
20250429,USA,14,1,0.5259940962917414,12,3
20250429,CHN,18,9,-0.8416698633429225,108,27
20250430,ETH,17,41,-6.884524467165272,492,123
20250430,MMR,18,19,-6.849486552297845,228,57
20250430,IRN,17,17,-3.9680379536903425,204,51
20250430,FRA,17,2,2.27648171320694,24,6
20250430,USA,17,8,0.8922979967054313,96,24
20250430,CHN,14,6,-0.21260625518142506,72,18
20250501,ETH,18,47,-7.673416630784941,564,141
20250501,MMR,19,24,-6.646872170300535,288,72
20250501,IRN,19,9,-3.419083335866669,108,27
20250501,FRA,19,3,0.6679593437598962,36,9
20250501,USA,17,4,0.45305463114145345,48,12
20250501,CHN,14,9,-0.4892056303727327,108,27
20250502,ETH,19,40,-7.61475274698126,480,120
20250502,MMR,18,1,-7.286642490829219,12,3
20250502,IRN,17,13,-3.8741785709830183,156,39
20250502,FRA,18,4,1.2891169086465046,48,12
20250502,USA,18,3,1.637394325508694,36,9
20250502,CHN,18,8,-1.1690273776744062,96,24
20250503,ETH,14,22,-6.919245888663496,264,66
20250503,MMR,19,27,-5.98500400292846,324,81
20250503,IRN,14,18,-3.4060232017504415,216,54
20250503,FRA,17,2,1.4412881588653002,24,6
20250503,USA,14,3,0.3955034284677842,36,9
20250503,CHN,19,7,-1.0387554634805822,84,21
20250504,ETH,18,16,-7.21526685604614,192,48
20250504,MMR,18,35,-6.908844391577239,420,105
20250504,IRN,18,14,-4.691462180835631,168,42
20250504,FRA,19,2,0.813224790219133,24,6
20250504,USA,14,6,0.6784559179904066,72,18
20250504,CHN,18,5,-0.4849009291205174,60,15
20250505,ETH,19,37,-7.006055507475937,444,111
20250505,MMR,18,29,-6.031217010797378,348,87
20250505,IRN,14,16,-4.517194826407951,192,48
20250505,FRA,19,3,1.8823533736552158,36,9
20250505,USA,14,4,0.7108232162638123,48,12
20250505,CHN,14,10,-0.4251286044462327,120,30
20250506,ETH,18,55,-7.234509804740057,660,165
20250506,MMR,17,30,-5.9808207727378395,360,90
20250506,IRN,17,14,-4.289074160394534,168,42
20250506,FRA,17,2,1.6779064542427706,24,6
20250506,USA,18,6,-0.09493497602931134,72,18
20250506,CHN,18,6,-0.770993974726109,72,18
20250507,ETH,19,40,-5.893656051634129,480,120
20250507,MMR,14,33,-6.144099036156704,396,99
20250507,IRN,19,21,-3.8241758297570536,252,63
20250507,FRA,18,1,1.5206408572054475,12,3
20250507,USA,18,10,-0.4221780533068732,120,30
20250507,CHN,14,11,-0.5355698308926987,132,33
20250508,ETH,19,36,-7.112213034829645,432,108
20250508,MMR,19,34,-5.9710550298660205,408,102
20250508,IRN,18,14,-4.202146261450327,168,42
20250508,FRA,18,2,1.443883562949756,24,6
20250508,USA,19,8,-0.08027040455452328,96,24
20250508,CHN,14,4,-0.1516886510883515,48,12
20250509,ETH,19,52,-6.531806685691455,624,156
20250509,MMR,18,35,-6.432598366889667,420,105
20250509,IRN,17,1,-4.295783865341994,12,3
20250509,FRA,14,3,0.4796792057255501,36,9
20250509,USA,14,3,0.6204949528057703,36,9
20250509,CHN,14,10,-0.2709893877423837,120,30
20250510,ETH,14,22,-8.34499837629675,264,66
20250510,MMR,14,26,-7.291027206209972,312,78
20250510,IRN,18,12,-4.204823192362162,144,36
20250510,FRA,19,3,1.7816976735570926,36,9
20250510,USA,19,8,0.5615373753060252,96,24
20250510,CHN,19,9,-1.4825843677034272,108,27
20250511,ETH,18,28,-6.915281977281517,336,84
20250511,MMR,17,40,-5.920839512265939,480,120
20250511,IRN,14,13,-3.5077100509112404,156,39
20250511,FRA,18,2,1.7346468231392618,24,6
20250511,USA,17,6,1.227315173793116,72,18
20250511,CHN,14,10,-0.5150262991404634,120,30
20250512,ETH,18,20,-6.6607951668331,240,60
20250512,MMR,18,47,-6.197663107717386,564,141
20250512,IRN,18,15,-3.5329373994181084,180,45
20250512,FRA,17,2,1.419270293233491,24,6
20250512,USA,17,5,0.6195177956489164,60,15
20250512,CHN,19,8,0.09837091853477409,96,24
20250513,ETH,14,43,-7.986596712208329,516,129
20250513,MMR,17,34,-6.335612847792981,408,102
20250513,IRN,17,19,-4.385156663787889,228,57
20250513,USA,17,6,1.063992990754836,72,18
20250513,CHN,18,6,-1.0707111099172297,72,18
20250514,ETH,19,46,-7.2620509680958945,552,138
20250514,MMR,14,28,-6.935353318496351,336,84
20250514,IRN,18,23,-3.919511602752096,276,69
20250514,FRA,14,2,1.208179659961788,24,6
20250514,USA,18,7,1.2896523745288424,84,21
20250514,CHN,17,9,-1.1627644040956004,108,27
20250515,ETH,19,51,-7.114835422367772,612,153
20250515,MMR,18,30,-6.158052335169454,360,90
20250515,IRN,18,9,-3.1116710963684957,108,27
20250515,FRA,18,2,0.7322767389646598,24,6
20250515,USA,18,3,1.1433593245918106,36,9
20250515,CHN,19,8,-0.34813884898231695,96,24
20250516,ETH,18,43,-6.658647359815913,516,129
20250516,MMR,18,22,-6.3042891998340815,264,66
20250516,IRN,14,13,-3.626306209622605,156,39
20250516,FRA,17,2,1.5841907128769634,24,6
20250516,USA,17,4,0.27821358670607504,48,12
20250516,CHN,14,10,-0.9201677479248092,120,30
20250517,ETH,19,41,-8.611051913050837,492,123
20250517,MMR,14,16,-7.837824921236255,192,48
20250517,IRN,17,15,-3.6499471595170423,180,45
20250517,FRA,18,3,1.0899991291374382,36,9
20250517,USA,14,9,0.39265433125392507,108,27
20250517,CHN,17,5,-0.7685192575885191,60,15
20250518,ETH,18,34,-7.077799349476484,408,102
20250518,MMR,14,27,-6.893181309175949,324,81
20250518,IRN,18,21,-4.543050528569191,252,63
20250518,FRA,19,3,1.5779084060336928,36,9
20250518,USA,18,6,0.5337967929022723,72,18
20250518,CHN,18,6,-1.8125742297508323,72,18
20250519,ETH,18,49,-7.30361549229322,588,147
20250519,MMR,18,31,-6.477621749239516,372,93
20250519,IRN,19,28,-4.364602346907819,336,84
20250519,FRA,14,3,2.187220278653882,36,9
20250519,USA,14,5,1.079722143110586,60,15
20250519,CHN,18,6,-1.0917187735124099,72,18
20250520,ETH,19,50,-7.419400358862027,600,150
20250520,MMR,14,29,-6.595988680915743,348,87
20250520,IRN,14,16,-4.054542294961688,192,48
20250520,FRA,14,1,0.7255432216565901,12,3
20250520,USA,14,9,0.9617718299701647,108,27
20250520,CHN,17,6,-1.0113215581164112,72,18
20250521,ETH,18,37,-6.924233761187275,444,111
20250521,MMR,14,19,-6.5990083294837785,228,57
20250521,IRN,14,7,-3.618203398091175,84,21
20250521,FRA,18,3,1.0474908572018338,36,9
20250521,USA,17,4,0.3637133830212118,48,12
20250521,CHN,14,8,-0.9275721175325952,96,24
20250522,ETH,17,26,-8.189905122145179,312,78
20250522,MMR,19,26,-6.54177158625258,312,78
20250522,IRN,18,6,-3.7378987351502033,72,18
20250522,FRA,19,3,1.0881512772658404,36,9
20250522,USA,18,6,0.6126315577810277,72,18
20250522,CHN,19,11,-0.5683146460362721,132,33
20250523,ETH,19,49,-7.528379227726769,588,147
20250523,MMR,17,20,-6.239799123902013,240,60
20250523,IRN,14,17,-3.424539913592082,204,51
20250523,FRA,17,3,1.6126267404080772,36,9
20250523,USA,18,5,0.27900083526933517,60,15
20250523,CHN,17,9,-1.2295087061529575,108,27
20250524,ETH,17,35,-7.448622724378105,420,105
20250524,MMR,17,23,-7.582137122976709,276,69
20250524,IRN,19,16,-3.8917243094014147,192,48
20250524,FRA,17,3,0.5875333133823903,36,9
20250524,USA,18,10,0.6148897129607793,120,30
20250524,CHN,18,4,-0.6539595411658412,48,12
20250525,ETH,18,45,-7.027454641189943,540,135
20250525,MMR,17,36,-6.60994493589095,432,108
20250525,IRN,14,11,-3.7998238781888865,132,33
20250525,FRA,19,2,2.7217625603975395,24,6
20250525,USA,19,6,0.7066232193489442,72,18
20250525,CHN,18,7,-0.819557141465205,84,21
20250526,ETH,17,43,-7.258082428508046,516,129
20250526,MMR,19,28,-6.238668578330767,336,84
20250526,IRN,19,18,-3.807757974636718,216,54
20250526,FRA,14,3,1.3759061669768549,36,9
20250526,USA,19,5,-0.42455797955232133,60,15
20250526,CHN,17,8,0.6409034469678128,96,24
20250527,ETH,18,19,-8.02410713700303,228,57
20250527,MMR,18,28,-5.639522841702732,336,84
20250527,IRN,18,22,-4.6096825752896615,264,66
20250527,FRA,19,1,1.8942823576769627,12,3
20250527,USA,18,5,0.6598785880111359,60,15
20250527,CHN,14,8,-0.7042953312018313,96,24
20250528,ETH,17,42,-6.447018271311284,504,126
20250528,MMR,19,3,-5.858270953515334,36,9
20250528,IRN,18,12,-4.2391301481652865,144,36
20250528,FRA,17,2,1.5102108824562865,24,6
20250528,USA,18,5,0.9446227194571606,60,15
20250528,CHN,18,6,-0.30911421262290406,72,18
20250529,ETH,14,38,-6.962606611006628,456,114
20250529,MMR,14,32,-6.943142307227425,384,96
20250529,IRN,14,13,-4.480596998147023,156,39
20250529,FRA,18,2,1.601942445260165,24,6
20250529,USA,17,3,-0.31535184237302405,36,9
20250529,CHN,19,8,-0.6541205410051649,96,24
20250530,ETH,17,47,-7.797964819133432,564,141
20250530,MMR,14,30,-5.905408908113881,360,90
20250530,IRN,17,11,-4.1647222438537215,132,33
20250530,FRA,19,3,1.7028943078430256,36,9
20250530,USA,19,3,0.09161628261295462,36,9
20250530,CHN,19,7,-1.227172748414236,84,21
20250531,ETH,14,45,-7.1694631873519885,540,135
20250531,MMR,17,36,-6.33857890754779,432,108
20250531,IRN,18,13,-4.1206015243892855,156,39
20250531,FRA,14,2,1.0848834099076816,24,6
20250531,USA,18,4,1.042963020824832,48,12
20250531,CHN,17,11,-0.40825348242316106,132,33
20250601,ETH,17,32,-7.861145904749538,384,96
20250601,MMR,18,31,-6.300581354617289,372,93
20250601,IRN,14,12,-4.104578725242054,144,36
20250601,FRA,19,2,2.1810984098494637,24,6
20250601,USA,19,12,1.0499363341574772,144,36
20250601,CHN,18,8,-1.1537392004991467,96,24
20250602,ETH,18,66,-6.980678304192982,792,198
20250602,MMR,18,24,-6.18324116750626,288,72
20250602,IRN,19,14,-4.611895147565379,168,42
20250602,FRA,18,2,2.2065670520562977,24,6
20250602,USA,19,4,1.2066511760671583,48,12
20250602,CHN,14,8,-0.44434664194684037,96,24
20250603,ETH,19,13,-7.81695816421394,156,39
20250603,MMR,17,14,-6.273590911597355,168,42
20250603,IRN,18,21,-4.533844073089966,252,63
20250603,FRA,14,2,1.4564505238691845,24,6
20250603,USA,18,3,0.8135453223461555,36,9
20250603,CHN,14,7,-1.2412592173197785,84,21
20250604,ETH,18,68,-7.427312286101431,816,204
20250604,MMR,18,28,-5.851417832826467,336,84
20250604,IRN,14,9,-3.3065383517136513,108,27
20250604,FRA,14,2,1.298620946700269,24,6
20250604,USA,17,3,0.8580322873289815,36,9
20250604,CHN,18,6,-1.642865131858416,72,18
20250605,ETH,18,32,-7.100247538421912,384,96
20250605,MMR,17,20,-6.413156394027879,240,60
20250605,IRN,19,17,-4.89952021600175,204,51
20250605,FRA,19,3,1.4002486119651332,36,9
20250605,USA,18,7,1.0334724018711077,84,21
20250605,CHN,18,7,-1.8535394594973629,84,21
20250606,ETH,17,56,-7.008054521093676,672,168
20250606,MMR,14,23,-5.946796499702286,276,69
20250606,IRN,14,20,-3.638235604500539,240,60
20250606,FRA,18,1,0.6546197173580285,12,3
20250606,USA,14,6,0.7351795054182094,72,18
20250606,CHN,18,8,-1.7123183586130217,96,24
20250607,ETH,19,27,-7.64775544453824,324,81
20250607,MMR,18,23,-6.157413463051802,276,69
20250607,IRN,19,21,-4.285049832379812,252,63
20250607,FRA,17,4,1.950059247586772,48,12
20250607,USA,17,6,-0.009344729731984747,72,18
20250607,CHN,17,8,-1.299032152440831,96,24
20250608,ETH,19,64,-7.058489156166682,768,192
20250608,MMR,18,16,-7.0284526658741475,192,48
20250608,IRN,18,11,-4.119768556831197,132,33
20250608,FRA,17,3,1.6181180465501572,36,9
20250608,USA,19,8,0.6045300719345489,96,24
20250608,CHN,14,8,-0.19986920832680244,96,24
20250609,ETH,19,37,-7.614114557276454,444,111
20250609,MMR,17,28,-6.301099702552532,336,84
20250609,IRN,14,11,-4.0180787556368935,132,33
20250609,FRA,19,3,0.9173665385094893,36,9
20250609,USA,14,7,1.4577840310538934,84,21
20250609,CHN,17,10,-1.206158150813308,120,30
20250610,ETH,17,32,-6.883318794351486,384,96
20250610,MMR,14,29,-6.715512258250473,348,87
20250610,IRN,18,14,-3.6901827013920596,168,42
20250610,FRA,18,2,2.126983962511314,24,6
20250610,USA,17,6,1.001668193938713,72,18
20250610,CHN,19,7,-0.6054129797371015,84,21
20250611,ETH,18,33,-8.02130080024462,396,99
20250611,MMR,18,27,-7.268832884628106,324,81
20250611,IRN,14,15,-4.033358044452799,180,45
20250611,FRA,14,3,1.7439408960821006,36,9
20250611,USA,17,8,1.290782762731077,96,24
20250611,CHN,19,11,-1.607225823646301,132,33
20250612,ETH,18,30,-7.2128520545411705,360,90
20250612,MMR,14,26,-7.747109877629606,312,78
20250612,IRN,14,17,-4.515489510816382,204,51
20250612,FRA,19,3,1.3243501301968017,36,9
20250612,USA,17,8,0.33661912499669966,96,24
20250612,CHN,18,10,-0.595347908606407,120,30
20250613,ETH,17,33,-7.477978212402612,396,99
20250613,MMR,14,29,-6.622394269575049,348,87
20250613,IRN,18,23,-3.9042346434910318,276,69
20250613,FRA,14,3,1.0522583506019059,36,9
20250613,USA,17,5,-0.6865313470801921,60,15
20250613,CHN,19,4,-0.6307359543639839,48,12
20250614,ETH,14,34,-7.947795840387696,408,102
20250614,MMR,17,20,-6.107894841381973,240,60
20250614,IRN,14,15,-3.2314426161521763,180,45
20250614,FRA,14,2,1.3207331924383738,24,6
20250614,USA,18,8,0.7750580678451622,96,24
20250614,CHN,19,5,-1.4001552925473848,60,15
20250615,ETH,17,31,-7.148730845726241,372,93
20250615,MMR,17,27,-6.397714942037935,324,81
20250615,IRN,17,22,-3.6454052908685766,264,66
20250615,FRA,17,3,1.3081611380540865,36,9
20250615,USA,19,3,0.5154925865310688,36,9
20250615,CHN,18,9,-1.9219234035949175,108,27
20250616,ETH,17,72,-7.184388979420541,864,216
20250616,MMR,18,32,-7.199152505651847,384,96
20250616,IRN,17,12,-4.722492426928875,144,36
20250616,FRA,14,1,1.5507859320135304,12,3
20250616,USA,17,6,1.1351884041878466,72,18
20250616,CHN,14,10,-1.0047024363377342,120,30
20250617,ETH,17,37,-7.429120657776179,444,111
20250617,MMR,17,35,-6.381002171595917,420,105
20250617,IRN,19,13,-3.725488997331019,156,39
20250617,FRA,17,2,1.658054984228477,24,6
20250617,USA,19,5,1.083992067638907,60,15
20250617,CHN,17,5,-1.0805487573779964,60,15
20250618,ETH,17,48,-6.791342568186067,576,144
20250618,MMR,18,27,-6.200730973855243,324,81
20250618,IRN,18,14,-3.7353517749750766,168,42
20250618,FRA,19,1,1.039869223700899,12,3
20250618,USA,18,3,0.6535733408269466,36,9
20250618,CHN,18,8,-0.9114331823448926,96,24
20250619,ETH,18,33,-6.771318815129223,396,99
20250619,MMR,14,22,-5.7033912596923955,264,66
20250619,IRN,19,16,-4.1082378562057,192,48
20250619,FRA,14,2,1.5194393095475,24,6
20250619,USA,19,9,-0.07762521550005197,108,27
20250619,CHN,17,8,-0.6411116614157877,96,24
20250620,ETH,17,29,-7.426750782274053,348,87
20250620,MMR,19,5,-6.169820451912758,60,15
20250620,IRN,14,14,-3.9551114432384225,168,42
20250620,FRA,19,3,2.666173641798265,36,9
20250620,USA,17,6,0.2433106137249489,72,18
20250620,CHN,17,8,-1.1531335229602269,96,24
20250621,ETH,19,38,-7.604635351953099,456,114
20250621,MMR,14,28,-6.120183942754697,336,84
20250621,IRN,19,17,-3.8352846854101244,204,51
20250621,USA,18,7,0.4875059927083168,84,21
20250621,CHN,14,8,-1.2041104809292138,96,24
20250622,ETH,17,51,-7.4123455019435545,612,153
20250622,MMR,17,29,-6.338258256406099,348,87
20250622,IRN,19,22,-4.316536841305714,264,66
20250622,FRA,18,2,1.661860841174913,24,6
20250622,USA,19,11,0.22161939722408136,132,33
20250622,CHN,19,3,-1.7813528277610975,36,9
20250623,ETH,17,33,-7.177941001581903,396,99
20250623,MMR,17,17,-7.422836881003012,204,51
20250623,IRN,17,16,-4.360856103885114,192,48
20250623,FRA,17,4,1.0794260564100742,48,12
20250623,USA,14,5,0.5429360288517239,60,15
20250623,CHN,17,9,-1.0192432186534368,108,27
20250624,ETH,14,62,-7.227141971561122,744,186
20250624,MMR,17,27,-7.079149911256049,324,81
20250624,IRN,17,19,-3.8460705324249416,228,57
20250624,FRA,17,3,1.9147478712857158,36,9
20250624,USA,19,2,0.7622967746706386,24,6
20250624,CHN,14,6,-1.3363933724222061,72,18
20250625,ETH,17,30,-6.700332997572843,360,90
20250625,MMR,19,25,-6.620626461269797,300,75
20250625,IRN,17,15,-3.9834865166224223,180,45
20250625,USA,19,4,0.901010557243608,48,12
20250625,CHN,14,10,-1.4395930042032161,120,30
20250626,ETH,14,64,-6.923501331544888,768,192
20250626,MMR,14,21,-6.77013021825149,252,63
20250626,IRN,17,22,-4.015790318451849,264,66
20250626,FRA,18,4,2.400489322592843,48,12
20250626,USA,17,3,0.533778276916194,36,9
20250626,CHN,19,11,0.27628953963737946,132,33
20250627,ETH,19,40,-6.723136973340274,480,120
20250627,MMR,14,34,-6.6152141131093884,408,102
20250627,IRN,19,19,-5.2939459051626505,228,57
20250627,FRA,14,1,1.655930873296907,12,3
20250627,USA,18,7,-0.35455639952429074,84,21
20250627,CHN,14,8,-2.64078775512107,96,24
20250628,ETH,19,47,-8.638595223743282,564,141
20250628,MMR,19,32,-6.538874777160035,384,96
20250628,IRN,14,22,-4.059134028114995,264,66
20250628,FRA,14,3,2.0332950749501415,36,9
20250628,USA,14,6,-0.1583157159826254,72,18
20250628,CHN,17,9,-0.918114835068622,108,27
20250629,ETH,17,63,-7.175030488335635,756,189
20250629,MMR,18,21,-6.067867337815362,252,63
20250629,IRN,17,14,-3.126016951012322,168,42
20250629,FRA,19,4,1.3443672267735125,48,12
20250629,USA,18,4,0.15378418009554007,48,12
20250629,CHN,14,13,-0.9948714639940348,156,39
20250630,ETH,18,53,-7.143415920864562,636,159
20250630,MMR,18,34,-6.204603625553579,408,102
20250630,IRN,18,13,-3.5535951524319556,156,39
20250630,FRA,17,2,1.272412037783621,24,6
20250630,USA,18,5,0.18884012727011257,60,15
20250630,CHN,17,8,-1.3353624936662234,96,24
20250701,ETH,19,56,-6.69005139378976,672,168
20250701,MMR,19,30,-6.714620266210009,360,90
20250701,IRN,18,19,-4.499060402271537,228,57
20250701,FRA,18,3,3.3657807329103293,36,9
20250701,USA,17,5,-0.09351575461992323,60,15
20250701,CHN,18,9,-1.2182390778778103,108,27
20250702,ETH,19,51,-7.714467962623573,612,153
20250702,MMR,19,35,-6.530931049610907,420,105
20250702,IRN,17,10,-4.408787426807788,120,30
20250702,FRA,17,3,1.5459428842378273,36,9
20250702,USA,14,5,-0.06592313307761655,60,15
20250702,CHN,19,10,-1.9327970750512908,120,30
20250703,ETH,17,61,-7.255077543020038,732,183
20250703,MMR,18,20,-6.145854070639834,240,60
20250703,IRN,19,14,-3.4010412682274804,168,42
20250703,FRA,18,2,1.4588793793761463,24,6
20250703,USA,18,7,0.5023175008114044,84,21
20250703,CHN,19,8,-0.8985776020859312,96,24
20250704,ETH,17,50,-7.593902829805006,600,150
20250704,MMR,19,25,-6.445683827951331,300,75
20250704,IRN,17,18,-3.9304888568916327,216,54
20250704,FRA,19,3,2.150162708564678,36,9
20250704,USA,14,3,0.3498610577260969,36,9
20250704,CHN,18,8,-0.8062045847949384,96,24
20250705,ETH,19,35,-7.480508298004859,420,105
20250705,MMR,19,24,-5.873542725920089,288,72
20250705,IRN,14,19,-3.7336236904048477,228,57
20250705,FRA,19,3,1.5690969170387725,36,9
20250705,USA,17,7,0.6102319311522346,84,21
20250705,CHN,18,4,-1.3790212513203415,48,12
20250706,ETH,14,27,-7.363319601645573,324,81
20250706,MMR,19,28,-6.89830392236283,336,84
20250706,IRN,14,14,-4.365272295142344,168,42
20250706,FRA,14,4,0.7241840200212948,48,12
20250706,USA,18,7,0.14896127001598658,84,21
20250706,CHN,17,8,-1.7277075358326288,96,24
20250707,ETH,14,41,-6.8219893209085205,492,123
20250707,MMR,14,21,-7.3820040252293575,252,63
20250707,IRN,19,8,-4.093673451113865,96,24
20250707,FRA,14,3,1.3459231028075418,36,9
20250707,USA,18,3,0.6026244525854523,36,9
20250707,CHN,14,3,-0.6625098997460467,36,9
20250708,ETH,19,45,-6.563593556016953,540,135
20250708,MMR,18,12,-6.578829115429841,144,36
20250708,IRN,18,21,-4.9150885118488405,252,63
20250708,FRA,14,1,0.9719289930059926,12,3
20250708,USA,19,5,0.2683272441877951,60,15
20250708,CHN,19,7,-1.0725011551723485,84,21
20250709,ETH,14,30,-7.181706355031977,360,90
20250709,MMR,14,17,-5.549473941857814,204,51
20250709,IRN,17,8,-4.360091392656751,96,24
20250709,FRA,17,3,1.7883444761857614,36,9
20250709,USA,18,7,0.09448998212025117,84,21
20250709,CHN,19,13,-0.7667353161725545,156,39
20250710,ETH,18,30,-5.97274075834428,360,90
20250710,MMR,18,38,-6.47658401888157,456,114
20250710,IRN,17,19,-3.9144638788342148,228,57
20250710,FRA,14,2,1.5185037729422781,24,6
20250710,USA,17,7,-0.09062334347180134,84,21
20250710,CHN,18,9,-1.8440828135240377,108,27
20250711,ETH,17,31,-7.039909334719203,372,93
20250711,MMR,17,27,-6.4070552249731945,324,81
20250711,IRN,19,20,-4.9586720338520704,240,60
20250711,FRA,18,3,-0.029155501800047334,36,9
20250711,USA,17,1,1.068845864155447,12,3
20250711,CHN,19,7,-1.0013209941425203,84,21
20250712,ETH,18,41,-7.558540887658678,492,123
20250712,MMR,17,18,-6.7849422375753985,216,54
20250712,IRN,19,16,-4.165683334164872,192,48
20250712,FRA,19,3,1.0128531249984658,36,9
20250712,USA,19,5,0.021009037487333737,60,15
20250712,CHN,17,10,-1.127667476092248,120,30
20250713,ETH,19,28,-7.676697392250266,336,84
20250713,MMR,14,30,-6.0297075497036365,360,90
20250713,IRN,19,20,-4.03894883798975,240,60
20250713,FRA,14,4,1.4266035579316565,48,12
20250713,USA,19,8,-0.16918589318660482,96,24
20250713,CHN,18,10,-0.5778615443547448,120,30
20250714,ETH,18,51,-6.927129180118866,612,153
20250714,MMR,19,26,-6.149716360358467,312,78
20250714,IRN,18,13,-4.990799588892666,156,39
20250714,FRA,18,4,1.2662925582805922,48,12
20250714,USA,18,7,0.5909082321957847,84,21
20250714,CHN,18,8,-0.9295079455893358,96,24
20250715,ETH,14,20,-6.552482716046103,240,60
20250715,MMR,19,17,-7.00243330738863,204,51
20250715,IRN,18,26,-3.1648078977142977,312,78
20250715,FRA,18,3,1.6737673126493933,36,9
20250715,USA,18,7,0.4908254942762846,84,21
20250715,CHN,19,5,-1.339829351582719,60,15
20250716,ETH,17,22,-7.372490526146421,264,66
20250716,MMR,19,24,-6.324624588597646,288,72
20250716,IRN,17,15,-4.289901710273543,180,45
20250716,FRA,17,1,2.4204906656267315,12,3
20250716,USA,19,4,0.11914333306789665,48,12
20250716,CHN,18,6,-0.9664807882990729,72,18
20250717,ETH,14,49,-7.031027473079255,588,147
20250717,MMR,19,19,-5.868101332178674,228,57
20250717,IRN,17,8,-3.6182222399765127,96,24
20250717,FRA,17,1,1.5735015154665877,12,3
20250717,USA,18,6,0.4061301444996734,72,18
20250717,CHN,18,10,-0.8601848174667537,120,30
20250718,ETH,14,35,-6.959260740938466,420,105
20250718,MMR,17,35,-6.083780436404125,420,105
20250718,IRN,17,18,-4.341940360996655,216,54
20250718,FRA,18,4,0.7301642053644624,48,12
20250718,USA,19,3,0.9319574154668178,36,9
20250718,CHN,17,3,-1.0129408826287685,36,9
20250719,ETH,14,49,-7.525989948066352,588,147
20250719,MMR,19,22,-6.124847708100419,264,66
20250719,IRN,19,7,-3.642602518912489,84,21
20250719,FRA,19,3,1.584718870907914,36,9
20250719,USA,18,8,0.4929485830311445,96,24
20250719,CHN,14,7,-0.6682599502598698,84,21
20250720,ETH,19,36,-7.1461870873857,432,108
20250720,MMR,17,34,-6.894735444258466,408,102
20250720,IRN,19,15,-3.7895438909908252,180,45
20250720,FRA,18,4,1.7005411588864705,48,12
20250720,USA,17,7,0.9258231663973737,84,21
20250720,CHN,18,5,-1.7141316118701302,60,15
20250721,ETH,18,48,-7.05191113390288,576,144
20250721,MMR,14,23,-5.842067701777556,276,69
20250721,IRN,14,21,-3.8611065889357383,252,63
20250721,FRA,14,2,0.8451296895938065,24,6
20250721,USA,18,7,0.7236171961584629,84,21
20250721,CHN,19,12,-0.33284197141515837,144,36
20250722,ETH,18,53,-7.79108996632772,636,159
20250722,MMR,19,35,-6.650698412412174,420,105
20250722,IRN,17,15,-3.9488349005045174,180,45
20250722,FRA,18,5,1.343100891098276,60,15
20250722,USA,14,5,0.6431914309379838,60,15
20250722,CHN,19,5,-1.8891572111122141,60,15
20250723,ETH,18,32,-7.596394822081269,384,96
20250723,MMR,17,16,-6.975094382296548,192,48
20250723,IRN,18,12,-4.8238444323527165,144,36
20250723,FRA,19,2,1.6683746301672668,24,6
20250723,USA,14,5,0.3102590956028674,60,15
20250723,CHN,19,7,-0.6276819889328974,84,21
20250724,ETH,17,20,-7.444495150416898,240,60
20250724,MMR,18,26,-6.172647108544805,312,78
20250724,IRN,18,10,-4.071776650902387,120,30
20250724,FRA,14,3,1.2124162610164597,36,9
20250724,USA,19,3,0.6745098471986757,36,9
20250724,CHN,18,10,-1.2712409179862663,120,30
20250725,ETH,14,35,-7.286952516099778,420,105
20250725,MMR,19,17,-6.740828013417223,204,51
20250725,IRN,18,15,-4.01042575402865,180,45
20250725,FRA,17,1,1.204414843444543,12,3
20250725,USA,14,4,1.2022133535635193,48,12
20250725,CHN,14,8,-0.22771763505865616,96,24
20250726,ETH,14,35,-7.866518328082547,420,105
20250726,MMR,17,26,-6.74677919900484,312,78
20250726,IRN,18,15,-4.1400837867327365,180,45
20250726,FRA,17,1,1.4586413569065417,12,3
20250726,USA,18,5,1.3985065979966547,60,15
20250726,CHN,19,9,-1.124426581949862,108,27
20250727,ETH,17,36,-6.684107771165827,432,108
20250727,MMR,18,24,-6.97904740918896,288,72
20250727,IRN,18,12,-3.5959436805423497,144,36
20250727,FRA,18,5,1.3664147724380213,60,15
20250727,USA,17,6,0.5309148788788255,72,18
20250727,CHN,14,7,-1.5368183944790361,84,21
20250728,ETH,17,51,-6.569399868349726,612,153
20250728,MMR,14,20,-6.373929491866524,240,60
20250728,IRN,17,18,-4.654978690163876,216,54
20250728,FRA,17,3,1.5487842490879271,36,9
20250728,USA,17,2,-0.018723337139707308,24,6
20250728,CHN,19,7,-0.23435341567974366,84,21
20250729,ETH,17,33,-7.320345304253338,396,99
20250729,MMR,17,19,-5.720691206450417,228,57
20250729,IRN,18,19,-3.031874311536862,228,57
20250729,FRA,19,4,2.1134261165266106,48,12
20250729,USA,19,2,0.7305205966892632,24,6
20250729,CHN,19,8,-0.6300019464438229,96,24
20250730,ETH,17,34,-6.185677652749417,408,102
20250730,MMR,18,29,-6.067243217924354,348,87
20250730,IRN,19,17,-3.872138551182658,204,51
20250730,FRA,19,2,1.6205496430752748,24,6
20250730,USA,19,6,0.6394717955972558,72,18
20250730,CHN,14,8,-0.8731741470204817,96,24
20250731,ETH,14,34,-6.867468982457542,408,102
20250731,MMR,17,19,-6.316825769200787,228,57
20250731,IRN,19,19,-4.433223784686145,228,57
20250731,FRA,19,2,1.5322045554671537,24,6
20250731,USA,14,4,0.1143038705315601,48,12
20250731,CHN,18,6,-0.6692535840972365,72,18
20250801,ETH,19,34,-7.266796348833539,408,102
20250801,MMR,17,17,-6.7577790192557705,204,51
20250801,IRN,14,7,-4.087078096043983,84,21
20250801,FRA,14,2,0.9389407172780512,24,6
20250801,USA,17,4,0.5522238421592732,48,12
20250801,CHN,14,7,-1.6370946418985362,84,21
20250802,ETH,19,47,-7.031636760103377,564,141
20250802,MMR,17,17,-6.378802830193141,204,51
20250802,IRN,17,14,-3.779146693042061,168,42
20250802,FRA,17,3,1.5532336551887218,36,9
20250802,USA,18,6,0.43663151528979804,72,18
20250802,CHN,14,3,-2.13505594383619,36,9
20250803,ETH,17,35,-6.491374432421203,420,105
20250803,MMR,19,29,-5.981468783982361,348,87
20250803,IRN,17,13,-3.4521750217400724,156,39
20250803,FRA,17,3,1.6501664636170776,36,9
20250803,USA,18,6,0.037614633153132127,72,18
20250803,CHN,19,5,-0.818213705425852,60,15
20250804,ETH,18,36,-7.041826177286489,432,108
20250804,MMR,19,20,-6.00020534377626,240,60
20250804,IRN,14,24,-4.354542776132243,288,72
20250804,FRA,17,1,2.48045924349165,12,3
20250804,USA,19,6,1.0183144666290203,72,18
20250804,CHN,18,4,-1.2293056235042719,48,12
20250805,ETH,17,36,-7.774152146085569,432,108
20250805,MMR,17,43,-6.707384215535767,516,129
20250805,IRN,17,16,-4.801304483240325,192,48
20250805,FRA,14,2,1.5937884391295971,24,6
20250805,USA,17,7,0.6723754740953117,84,21
20250805,CHN,18,7,-0.717477109216222,84,21
20250806,ETH,14,10,-7.516230577042788,120,30
20250806,MMR,14,20,-7.917056246824951,240,60
20250806,IRN,17,9,-2.86113424446448,108,27
20250806,FRA,18,2,1.165753093736297,24,6
20250806,USA,18,6,0.20256669425476143,72,18
20250806,CHN,18,7,-1.1955716971794375,84,21
20250807,ETH,14,47,-6.330881214593624,564,141
20250807,MMR,17,32,-6.172505334284105,384,96
20250807,IRN,19,15,-4.492140092747311,180,45
20250807,FRA,19,5,1.6374551831929995,60,15
20250807,USA,18,8,1.01069239292856,96,24
20250807,CHN,19,8,-1.0937983521756613,96,24
20250808,ETH,19,31,-6.306302891552723,372,93
20250808,MMR,17,34,-6.443244405751834,408,102
20250808,IRN,17,15,-4.914084945535077,180,45
20250808,FRA,14,1,1.197058910546646,12,3
20250808,USA,14,5,0.8968302518330677,60,15
20250808,CHN,19,9,-0.920013381795786,108,27
20250809,ETH,14,18,-7.215225802761417,216,54
20250809,MMR,14,14,-7.589945243695047,168,42
20250809,IRN,18,24,-4.192220704718806,288,72
20250809,FRA,18,4,2.054168774203445,48,12
20250809,USA,14,6,0.8887859968361865,72,18
20250809,CHN,17,10,-0.9654052874179868,120,30
20250810,ETH,18,37,-8.60770321463413,444,111
20250810,MMR,18,25,-6.7036714155019235,300,75
20250810,IRN,17,14,-3.831778297141769,168,42
20250810,FRA,19,3,1.533461449129417,36,9
20250810,USA,19,5,0.24600405917621887,60,15
20250810,CHN,17,9,-1.841565216695452,108,27
20250811,ETH,17,42,-7.835652683627884,504,126
20250811,MMR,18,21,-5.838281545051009,252,63
20250811,IRN,17,14,-5.4905368834517505,168,42
20250811,FRA,18,3,1.5509020206787503,36,9
20250811,USA,19,7,0.49796096853943966,84,21
20250811,CHN,18,8,-1.3431968724009895,96,24
20250812,ETH,19,39,-7.469405212611616,468,117
20250812,MMR,14,31,-6.223080241889539,372,93
20250812,IRN,19,11,-3.310697853469738,132,33
20250812,FRA,18,2,1.8736124151786528,24,6
20250812,USA,19,9,0.6265678520462683,108,27
20250812,CHN,18,10,-0.8232293073893242,120,30
20250813,ETH,18,39,-6.625914120417778,468,117
20250813,MMR,18,30,-5.727749778211006,360,90
20250813,IRN,14,13,-4.217989926092579,156,39
20250813,FRA,14,3,1.153720538451141,36,9
20250813,USA,14,7,0.009102500899620614,84,21
20250813,CHN,17,2,-1.9132100463389787,24,6
20250814,ETH,19,57,-7.1266605617952665,684,171
20250814,MMR,14,21,-6.303553151755522,252,63
20250814,IRN,17,5,-4.819072206873417,60,15
20250814,FRA,19,3,1.850828706987107,36,9
20250814,USA,19,6,-0.141937047762127,72,18
20250814,CHN,14,9,-1.1425916543188037,108,27
20250815,ETH,19,39,-7.436152873096346,468,117
20250815,MMR,17,19,-6.79753707080351,228,57
20250815,IRN,18,8,-4.088932898209862,96,24
20250815,FRA,19,4,0.5919872191117077,48,12
20250815,USA,18,8,0.4164835915589671,96,24
20250815,CHN,18,6,-1.4108379529715775,72,18
20250816,ETH,19,22,-7.309228613817493,264,66
20250816,MMR,14,30,-6.08839737973319,360,90
20250816,IRN,17,12,-4.174639441822467,144,36
20250816,FRA,18,4,1.5638082257866053,48,12
20250816,USA,19,6,0.46053694772616904,72,18
20250816,CHN,17,12,-1.4654128289154342,144,36
20250817,ETH,18,55,-7.772017168599432,660,165
20250817,MMR,18,31,-6.360339577544204,372,93
20250817,IRN,14,19,-3.8785273041123074,228,57
20250817,FRA,14,2,1.3340987228614531,24,6
20250817,USA,18,8,-0.626045806909372,96,24
20250817,CHN,17,5,-1.5700206761782103,60,15
20250818,ETH,17,52,-7.978569548763896,624,156
20250818,MMR,17,33,-6.374732626660781,396,99
20250818,IRN,18,16,-3.2862184006441657,192,48
20250818,FRA,18,2,0.5131092427428823,24,6
20250818,USA,14,3,0.41945189654418485,36,9
20250818,CHN,19,9,-1.3635274821783294,108,27
20250819,ETH,14,32,-7.158680960456951,384,96
20250819,MMR,17,20,-6.483521270050273,240,60
20250819,IRN,19,8,-3.5158611138540103,96,24
20250819,FRA,18,2,2.0007002013680912,24,6
20250819,USA,19,5,0.12920543270023355,60,15
20250819,CHN,17,6,-1.7496379566160956,72,18
20250820,ETH,17,42,-7.326758605045213,504,126
20250820,MMR,18,15,-7.0840166291370394,180,45
20250820,IRN,14,11,-3.8494555363282417,132,33
20250820,FRA,18,2,1.6468457388400672,24,6
20250820,USA,19,9,1.5109105860208891,108,27
20250820,CHN,18,8,-0.3343832085468189,96,24
20250821,ETH,19,33,-7.792315391066322,396,99
20250821,MMR,18,26,-6.667498423063843,312,78
20250821,IRN,18,5,-3.4343240021974526,60,15
20250821,FRA,18,3,2.147185960934661,36,9
20250821,USA,19,6,-0.22974122448357015,72,18
20250821,CHN,18,8,-1.285545092322581,96,24
20250822,ETH,14,33,-7.584361429251674,396,99
20250822,MMR,18,17,-5.880503484403118,204,51
20250822,IRN,14,17,-4.212902744180179,204,51
20250822,FRA,18,3,1.6884325482291689,36,9
20250822,USA,18,6,0.2803236819729032,72,18
20250822,CHN,17,5,-1.961199502719385,60,15
20250823,ETH,18,50,-7.409448390259274,600,150
20250823,MMR,18,17,-6.125154506944671,204,51
20250823,IRN,17,25,-3.5391068603133014,300,75
20250823,FRA,14,1,1.5840002013098633,12,3
20250823,USA,17,6,0.5006319145394741,72,18
20250823,CHN,17,6,-1.037359620637597,72,18
20250824,ETH,19,34,-6.871960429994374,408,102
20250824,MMR,17,27,-6.414850922758585,324,81
20250824,IRN,17,19,-4.464130869723812,228,57
20250824,FRA,17,1,2.0880172555405756,12,3
20250824,USA,18,6,0.5152486256594687,72,18
20250824,CHN,19,11,-1.497030784035317,132,33
20250825,ETH,17,54,-7.433101221838965,648,162
20250825,MMR,17,15,-6.462444267166638,180,45
20250825,IRN,14,13,-4.301427570619134,156,39
20250825,FRA,17,1,1.7745547423509629,12,3
20250825,USA,14,8,0.46296702922483074,96,24
20250825,CHN,18,8,-1.8597087764321203,96,24
20250826,ETH,18,35,-6.9810497692428335,420,105
20250826,MMR,14,17,-6.083176636682483,204,51
20250826,IRN,18,14,-4.715576460893889,168,42
20250826,FRA,19,2,1.650890912148521,24,6
20250826,USA,17,6,0.4829799536698249,72,18
20250826,CHN,19,7,-0.7758713145789615,84,21
20250827,ETH,14,50,-7.37210072524857,600,150
20250827,MMR,14,23,-6.432441245120088,276,69
20250827,IRN,17,19,-3.74512142105707,228,57
20250827,FRA,14,1,1.1124193705491008,12,3
20250827,USA,14,4,0.18340797183943114,48,12
20250827,CHN,14,6,-1.1813223187707327,72,18
20250828,ETH,19,36,-7.909710540591377,432,108
20250828,MMR,14,21,-6.247749727505365,252,63
20250828,IRN,17,19,-3.957039590976036,228,57
20250828,FRA,14,2,1.57808391008227,24,6
20250828,USA,17,7,-0.03845363146172698,84,21
20250828,CHN,18,7,-1.0311041223210253,84,21
20250829,ETH,18,22,-6.61324362291458,264,66
20250829,MMR,14,7,-6.426276397657205,84,21
20250829,IRN,17,13,-3.7064804694229676,156,39
20250829,FRA,19,2,2.1165650411042467,24,6
20250829,USA,14,4,1.3137559280236257,48,12
20250829,CHN,17,7,-0.6248742429772783,84,21
20250830,ETH,14,41,-6.680182409239699,492,123
20250830,MMR,19,28,-6.085541262827439,336,84
20250830,IRN,18,20,-3.491878066314686,240,60
20250830,FRA,19,2,1.5379399571094965,24,6
20250830,USA,18,6,0.3784439951048526,72,18
20250830,CHN,14,11,-0.7608334067619031,132,33
20250831,ETH,17,62,-7.22346156286576,744,186
20250831,MMR,17,21,-6.696135509099964,252,63
20250831,IRN,18,13,-4.21781534262582,156,39
20250831,FRA,18,4,1.833049383296129,48,12
20250831,USA,18,4,0.8674856838850464,48,12
20250831,CHN,19,9,-1.3034830380377291,108,27
20250901,ETH,17,50,-7.435092798888555,600,150
20250901,MMR,14,38,-7.791478482243477,456,114
20250901,IRN,17,13,-4.072638505054599,156,39
20250901,FRA,14,2,1.0585708254455564,24,6
20250901,USA,17,1,0.531910426338468,12,3
20250901,CHN,18,6,-1.0070686174591745,72,18
20250902,ETH,14,38,-8.02268863064922,456,114
20250902,MMR,17,22,-6.668444022110527,264,66
20250902,IRN,14,13,-5.086028246882577,156,39
20250902,FRA,14,3,1.902268510028597,36,9
20250902,USA,18,10,1.312306834343147,120,30
20250902,CHN,17,9,-1.188802721358218,108,27
20250903,ETH,17,45,-7.080488967280573,540,135
20250903,MMR,17,24,-7.02283516525852,288,72
20250903,IRN,19,21,-3.7716475088955446,252,63
20250903,FRA,14,3,2.315244867151982,36,9
20250903,USA,17,5,0.02889168296843203,60,15
20250903,CHN,18,9,-0.885339511388483,108,27
20250904,ETH,18,22,-7.09223248212832,264,66
20250904,MMR,18,37,-5.938527108633432,444,111
20250904,IRN,18,12,-4.360847109971416,144,36
20250904,FRA,18,2,1.356026051512226,24,6
20250904,USA,19,7,0.06297355217341283,84,21
20250904,CHN,18,9,-0.9747915500844758,108,27
20250905,ETH,14,37,-7.368153443418638,444,111
20250905,MMR,18,36,-6.655884931957841,432,108
20250905,IRN,17,10,-4.71207128626342,120,30
20250905,FRA,18,1,1.4193984215904936,12,3
20250905,USA,17,6,-0.46706063425069333,72,18
20250905,CHN,17,5,-0.7321048904104727,60,15
20250906,ETH,18,46,-7.05313482249722,552,138
20250906,MMR,19,26,-5.9800605198530175,312,78
20250906,IRN,18,11,-4.13497058152384,132,33
20250906,FRA,14,4,1.9759749005948128,48,12
20250906,USA,14,4,0.6590066837821126,48,12
20250906,CHN,17,10,-1.6713699056018128,120,30
20250907,ETH,18,34,-6.944800008949557,408,102
20250907,MMR,17,16,-6.929477717460279,192,48
20250907,IRN,17,17,-3.8673716590179343,204,51
20250907,FRA,19,3,1.5246986489772143,36,9
20250907,CHN,19,10,-0.2778587160100745,120,30
20250908,ETH,14,50,-8.020758489583907,600,150
20250908,MMR,18,36,-6.015349102317106,432,108
20250908,IRN,19,14,-4.104229038581237,168,42
20250908,FRA,17,2,1.6537482717991328,24,6
20250908,USA,14,5,-0.12032028143441131,60,15
20250908,CHN,14,9,-0.9048212995534641,108,27
20250909,ETH,19,52,-6.822101614850302,624,156
20250909,MMR,18,25,-6.437377798781904,300,75
20250909,IRN,17,18,-3.638114610393914,216,54
20250909,FRA,18,3,1.9382256191193703,36,9
20250909,USA,19,7,-0.015708509851112162,84,21
20250909,CHN,18,8,-2.0726856893685253,96,24
20250910,ETH,18,39,-6.710696555658499,468,117
20250910,MMR,18,19,-5.977024710567225,228,57
20250910,IRN,18,9,-4.455772612343751,108,27
20250910,FRA,18,2,1.825626872073315,24,6
20250910,USA,14,4,0.358318396584403,48,12
20250910,CHN,19,8,-1.4189214450294865,96,24
20250911,ETH,14,27,-6.833271916326847,324,81
20250911,MMR,17,23,-6.177729647688029,276,69
20250911,IRN,14,11,-3.9878534926509754,132,33
20250911,FRA,18,3,1.733537372703978,36,9
20250911,USA,18,6,0.4422245268106543,72,18
20250911,CHN,17,9,-1.2085811797369446,108,27
20250912,ETH,18,35,-6.835662104144368,420,105
20250912,MMR,17,35,-5.8827212424515025,420,105
20250912,IRN,19,14,-4.104049763415566,168,42
20250912,FRA,18,3,2.344045075713373,36,9
20250912,USA,19,9,-0.39874854079287614,108,27
20250912,CHN,19,9,-2.039882883660156,108,27
20250913,ETH,19,44,-7.2745608963582695,528,132
20250913,MMR,19,22,-6.997319529519692,264,66
20250913,IRN,18,14,-4.73740375630306,168,42
20250913,FRA,14,2,1.4302421630964042,24,6
20250913,USA,18,6,0.47173834682985194,72,18
20250913,CHN,18,5,-0.9282042429926073,60,15
20250914,ETH,14,51,-7.120892368479543,612,153
20250914,MMR,14,21,-7.398020717048367,252,63
20250914,IRN,19,10,-4.185435866634364,120,30
20250914,FRA,14,2,1.3668780389521704,24,6
20250914,USA,18,3,0.21555159878977792,36,9
20250914,CHN,18,8,-1.5981770226642351,96,24
20250915,ETH,14,35,-6.461178184374083,420,105
20250915,MMR,14,30,-5.831092596125246,360,90
20250915,IRN,17,12,-4.034762091195652,144,36
20250915,FRA,19,1,1.8633637199707636,12,3
20250915,USA,18,7,0.8305134415804849,84,21
20250915,CHN,14,8,-0.8622567836417512,96,24
20250916,ETH,18,54,-7.592383329460625,648,162
20250916,MMR,17,16,-5.921177946243122,192,48
20250916,IRN,19,16,-4.101492015886824,192,48
20250916,FRA,19,3,0.5544199091042018,36,9
20250916,USA,19,3,-0.5406929169817236,36,9
20250916,CHN,14,7,-0.7795670035094755,84,21
20250917,ETH,18,65,-7.49529462127634,780,195
20250917,MMR,18,25,-7.898462762867476,300,75
20250917,IRN,18,11,-4.356058659199947,132,33
20250917,FRA,14,3,0.859607860878586,36,9
20250917,USA,17,7,0.47021197528841974,84,21
20250917,CHN,18,6,-1.1467100489217266,72,18
20250918,ETH,14,49,-6.488931621654268,588,147
20250918,MMR,17,14,-6.4695425503022985,168,42
20250918,IRN,17,16,-3.5128222437901218,192,48
20250918,FRA,18,2,0.8534138353948513,24,6
20250918,USA,17,5,0.08046368811984822,60,15
20250918,CHN,19,11,-0.6183471920541579,132,33
20250919,ETH,19,46,-7.459692741246708,552,138
20250919,MMR,19,38,-6.046492009792357,456,114
20250919,IRN,19,14,-4.167014347101625,168,42
20250919,FRA,18,2,1.0376389203656322,24,6
20250919,USA,14,6,1.3216288261945301,72,18
20250919,CHN,19,9,-0.7825440768052876,108,27
20250920,ETH,18,45,-6.500212910400019,540,135
20250920,MMR,18,30,-6.738475769527568,360,90
20250920,IRN,19,7,-3.2438512348768698,84,21
20250920,FRA,17,2,1.948628483956628,24,6
20250920,USA,18,4,-0.15097150995442066,48,12
20250920,CHN,17,6,-0.843980562351688,72,18
20250921,ETH,18,46,-6.697582280185764,552,138
20250921,MMR,18,24,-6.532451642109761,288,72
20250921,IRN,19,12,-3.777241022966623,144,36
20250921,FRA,14,3,1.8205970286183835,36,9
20250921,USA,19,4,0.8196578571953649,48,12
20250921,CHN,18,7,-1.819029724929043,84,21
20250922,ETH,17,32,-7.501637466451361,384,96
20250922,MMR,18,26,-7.261055647754316,312,78
20250922,IRN,19,6,-3.884750986903958,72,18
20250922,FRA,17,4,1.3280060717341793,48,12
20250922,USA,14,7,0.0976296967814167,84,21
20250922,CHN,17,5,-0.6399020583064104,60,15
20250923,ETH,19,36,-7.358035640235389,432,108
20250923,MMR,17,32,-6.639071205529083,384,96
20250923,IRN,17,16,-3.9776542309323526,192,48
20250923,FRA,18,2,1.9837610577332487,24,6
20250923,USA,19,5,-0.05374051980062222,60,15
20250923,CHN,17,11,-0.7137693791396627,132,33
20250924,ETH,14,39,-7.075084537634189,468,117
20250924,MMR,19,14,-6.337294677638086,168,42
20250924,IRN,19,14,-3.7587460101847228,168,42
20250924,FRA,17,2,0.753199005814453,24,6
20250924,USA,17,6,0.22160343654061215,72,18
20250924,CHN,14,5,-0.9676822342110383,60,15
20250925,ETH,19,33,-6.722903714453981,396,99
20250925,MMR,14,19,-6.121954059684,228,57
20250925,IRN,17,12,-3.2768159448338148,144,36
20250925,FRA,18,1,1.5506287491301058,12,3
20250925,USA,19,7,-0.2515272989097277,84,21
20250925,CHN,14,5,-0.9758868888872636,60,15
20250926,ETH,14,41,-7.178503664810145,492,123
20250926,MMR,18,23,-7.161142859478691,276,69
20250926,IRN,17,12,-3.731590083187064,144,36
20250926,FRA,18,4,2.033366088287641,48,12
20250926,USA,18,3,0.8876942197231252,36,9
20250926,CHN,19,5,-1.4618967501543387,60,15
20250927,ETH,18,28,-7.461060731439613,336,84
20250927,MMR,17,36,-6.1898194016485615,432,108
20250927,IRN,17,15,-3.8463305163588513,180,45
20250927,FRA,18,3,0.9180486707060482,36,9
20250927,USA,18,6,0.6767183673095218,72,18
20250927,CHN,17,6,-1.4929494676401172,72,18
20250928,ETH,19,48,-7.536869436083955,576,144
20250928,MMR,17,22,-5.965444310872053,264,66
20250928,IRN,18,12,-4.3056055652633045,144,36
20250928,FRA,14,3,2.160692323279413,36,9
20250928,USA,14,8,-0.015032624162179431,96,24
20250928,CHN,19,10,-0.770088305958567,120,30
20250929,ETH,14,12,-7.434678478752637,144,36
20250929,MMR,14,23,-6.684483049450951,276,69
20250929,IRN,17,13,-5.396784629820322,156,39
20250929,FRA,14,2,1.4611874997289778,24,6
20250929,USA,19,5,0.5023995423588582,60,15
20250929,CHN,19,8,-1.3992954034772842,96,24
20250930,ETH,17,59,-7.315173697956923,708,177
20250930,MMR,14,18,-6.074490074469208,216,54
20250930,IRN,18,7,-3.551409225464945,84,21
20250930,FRA,17,3,1.175862220771316,36,9
20250930,USA,17,6,0.5773218134693958,72,18
20250930,CHN,14,9,-1.2495336873886866,108,27
20251001,ETH,17,46,-7.784950412196143,552,138
20251001,MMR,19,31,-7.0462406207344666,372,93
20251001,IRN,17,10,-4.158360964435168,120,30
20251001,FRA,17,1,1.9746591791912191,12,3
20251001,USA,19,3,0.4448233468032531,36,9
20251001,CHN,19,11,-1.4978251736372532,132,33
20251002,ETH,18,14,-8.004989364984533,168,42
20251002,MMR,19,34,-7.143569383099546,408,102
20251002,IRN,18,18,-4.178531340255565,216,54
20251002,FRA,19,2,1.2712544002725934,24,6
20251002,USA,17,9,0.03393799667460662,108,27
20251002,CHN,17,7,-0.2574097285422693,84,21
20251003,ETH,18,28,-6.179792632445593,336,84
20251003,MMR,14,33,-5.607030155953229,396,99
20251003,IRN,17,7,-3.662943098507175,84,21
20251003,FRA,17,1,1.9216809884391828,12,3
20251003,USA,19,6,0.4597430196310248,72,18
20251003,CHN,17,8,-1.1274939392238148,96,24
20251004,ETH,19,27,-6.910299385809134,324,81
20251004,MMR,19,25,-6.780886787825691,300,75
20251004,IRN,19,13,-4.751326561217792,156,39
20251004,FRA,19,2,2.1373015686491965,24,6
20251004,USA,19,4,0.27731118259552046,48,12
20251004,CHN,18,8,-0.7708339889066803,96,24
20251005,ETH,19,40,-6.128302992700839,480,120
20251005,MMR,18,24,-5.144262827143242,288,72
20251005,IRN,14,10,-3.5215973355983827,120,30
20251005,FRA,14,3,1.1916850483988553,36,9
20251005,USA,19,7,-0.21885415917997164,84,21
20251005,CHN,17,7,-1.1172574907114958,84,21
20251006,ETH,14,43,-7.531062449838658,516,129
20251006,MMR,19,20,-6.673946014812705,240,60
20251006,IRN,19,18,-3.9618113679241374,216,54
20251006,FRA,17,4,1.6380225378538469,48,12
20251006,USA,14,10,0.4458027331501282,120,30
20251006,CHN,19,6,-1.540645279659463,72,18
20251007,ETH,14,46,-6.522705618454273,552,138
20251007,MMR,18,30,-6.571622236250627,360,90
20251007,IRN,17,17,-3.4143277232562763,204,51
20251007,FRA,18,2,2.0397053299481245,24,6
20251007,USA,19,6,0.6715922327000767,72,18
20251007,CHN,17,8,-1.0725198903880033,96,24
20251008,ETH,17,52,-7.276766844339981,624,156
20251008,MMR,19,23,-6.305139782621595,276,69
20251008,IRN,14,27,-4.399693937068188,324,81
20251008,FRA,14,3,1.5194452521846404,36,9
20251008,USA,18,6,-0.21913737877679385,72,18
20251008,CHN,17,9,-0.5897037635557474,108,27
20251009,ETH,17,37,-7.013101550646146,444,111
20251009,MMR,14,24,-6.503143998146282,288,72
20251009,IRN,17,18,-4.659782335193143,216,54
20251009,FRA,14,2,1.4301774374977885,24,6
20251009,USA,18,7,0.37553593914763994,84,21
20251009,CHN,18,12,-1.164338316837916,144,36
20251010,ETH,18,29,-7.446037694082133,348,87
20251010,MMR,14,21,-6.982712564152223,252,63
20251010,IRN,14,25,-4.126861803972288,300,75
20251010,FRA,14,3,1.4453232022969225,36,9
20251010,USA,14,7,0.41729598790140315,84,21
20251010,CHN,14,6,-0.9832585199721434,72,18
20251011,ETH,18,49,-6.598686655482929,588,147
20251011,MMR,19,14,-6.593686427641715,168,42
20251011,IRN,14,15,-3.6423449541373594,180,45
20251011,FRA,18,4,2.5257298552839487,48,12
20251011,USA,17,6,-0.3767144822797681,72,18
20251011,CHN,17,9,-0.8558601899436948,108,27
20251012,ETH,17,21,-7.349398760327968,252,63
20251012,MMR,14,26,-6.601192222991797,312,78
20251012,IRN,17,18,-3.373995742934443,216,54
20251012,FRA,18,4,1.4281863817304428,48,12
20251012,USA,14,9,0.6315540677748531,108,27
20251012,CHN,19,9,-1.6913631294876093,108,27
20251013,ETH,17,12,-7.105787473906031,144,36
20251013,MMR,17,19,-6.484982147138787,228,57
20251013,IRN,18,19,-4.75811644479141,228,57
20251013,FRA,18,1,1.683287314097232,12,3
20251013,USA,18,5,0.24086716775777706,60,15
20251013,CHN,17,4,-1.367512841318966,48,12
20251014,ETH,18,45,-6.7275193815116525,540,135
20251014,MMR,17,20,-6.406386675199589,240,60
20251014,IRN,18,18,-3.236329749553012,216,54
20251014,FRA,18,3,1.896498478435621,36,9
20251014,USA,18,5,0.49824607064145837,60,15
20251014,CHN,18,8,-0.3552080279377152,96,24
20251015,ETH,14,67,-7.741111608132833,804,201
20251015,MMR,19,24,-6.765525980564795,288,72
20251015,IRN,18,6,-3.418290771296263,72,18
20251015,FRA,14,3,1.6684012700460567,36,9
20251015,USA,17,7,1.3659659267858326,84,21
20251015,CHN,14,9,-1.0440311370986015,108,27
20251016,ETH,18,47,-7.047183189760919,564,141
20251016,MMR,18,21,-5.973982378658915,252,63
20251016,IRN,19,11,-4.132742015792101,132,33
20251016,FRA,17,3,2.0650451645746464,36,9
20251016,USA,18,3,0.8803889284079418,36,9
20251016,CHN,19,5,-1.516811948138974,60,15
20251017,ETH,17,41,-7.534256840267057,492,123
20251017,MMR,14,14,-6.976891383391771,168,42
20251017,IRN,17,14,-3.8720864686668284,168,42
20251017,FRA,17,2,1.809110708339909,24,6
20251017,USA,18,5,1.0186946321966834,60,15
20251017,CHN,14,6,-0.8973319536401299,72,18
20251018,ETH,14,28,-7.011141288597484,336,84
20251018,MMR,14,24,-6.210834489607582,288,72
20251018,IRN,19,17,-5.471880634160452,204,51
20251018,FRA,14,2,1.7442174308542093,24,6
20251018,USA,14,4,-0.07032738529347715,48,12
20251018,CHN,18,8,-2.02347403594168,96,24
20251019,ETH,14,22,-7.491788318223376,264,66
20251019,MMR,18,4,-6.090563325876144,48,12
20251019,IRN,14,9,-3.9310456760709256,108,27
20251019,FRA,19,2,1.8234790946523618,24,6
20251019,USA,18,8,0.5371409570009887,96,24
20251019,CHN,17,10,-1.2362628664815647,120,30
20251020,ETH,19,57,-7.498589009650804,684,171
20251020,MMR,17,26,-7.728254409861652,312,78
20251020,IRN,19,19,-4.4104041240698155,228,57
20251020,FRA,19,3,1.427401119610902,36,9
20251020,USA,17,2,0.6081565714666055,24,6
20251020,CHN,14,4,-0.8145402522438505,48,12
20251021,ETH,19,50,-6.090090204732139,600,150
20251021,MMR,18,11,-6.998461485272531,132,33
20251021,IRN,17,12,-3.562135007220589,144,36
20251021,FRA,17,2,0.9358456515561334,24,6
20251021,USA,19,4,0.27991795849282225,48,12
20251021,CHN,19,7,-1.0397013024813084,84,21
20251022,ETH,14,46,-7.028076599400581,552,138
20251022,MMR,18,15,-6.1004965070409645,180,45
20251022,IRN,18,16,-4.613858792659453,192,48
20251022,FRA,17,1,0.9856108797264403,12,3
20251022,USA,18,3,0.9438654160920454,36,9
20251022,CHN,17,9,-0.3474574238785283,108,27
20251023,ETH,17,50,-7.77905365761994,600,150
20251023,MMR,14,34,-6.280261159534352,408,102
20251023,IRN,17,22,-3.7801232836832392,264,66
20251023,FRA,17,4,1.30879807732165,48,12
20251023,USA,18,4,0.4315400327196491,48,12
20251023,CHN,17,4,-1.0611355982241848,48,12
20251024,ETH,18,33,-8.315741552345488,396,99
20251024,MMR,18,7,-6.979423075323785,84,21
20251024,IRN,14,21,-4.357712914274798,252,63
20251024,FRA,18,3,1.1804852137024058,36,9
20251024,USA,17,5,0.7895164424264738,60,15
20251024,CHN,14,11,-1.7258576368704523,132,33
20251025,ETH,19,40,-7.284251254543379,480,120
20251025,MMR,17,19,-5.711131701590057,228,57
20251025,IRN,19,12,-3.4414078863315822,144,36
20251025,FRA,19,4,2.3870178509956648,48,12
20251025,USA,18,9,0.6480999268817925,108,27
20251025,CHN,14,11,-0.4234980691255146,132,33
20251026,ETH,19,47,-7.631040832253129,564,141
20251026,MMR,14,27,-6.746791276069379,324,81
20251026,IRN,18,9,-4.390103557164894,108,27
20251026,FRA,19,1,0.5199194709062317,12,3
20251026,USA,19,6,0.19428249006014675,72,18
20251026,CHN,19,5,-1.3988804755989503,60,15
20251027,ETH,19,54,-7.28914110216709,648,162
20251027,MMR,14,27,-6.174578979146719,324,81
20251027,IRN,17,19,-4.224652521809021,228,57
20251027,FRA,14,2,1.2130059084668,24,6
20251027,USA,17,9,0.3033685057721666,108,27
20251027,CHN,19,6,-1.4240717384249328,72,18
20251028,ETH,18,19,-7.4858376169027405,228,57
20251028,MMR,17,30,-6.801551663475502,360,90
20251028,IRN,19,9,-4.3438233329001426,108,27
20251028,FRA,18,1,2.4736819218540256,12,3
20251028,USA,17,6,0.04168593695507772,72,18
20251028,CHN,14,9,-1.3190368498582807,108,27
20251029,ETH,19,38,-7.828283422114861,456,114
20251029,MMR,19,12,-4.786973627163607,144,36
20251029,IRN,18,11,-4.81306382805688,132,33
20251029,FRA,18,4,1.7379159141657419,48,12
20251029,USA,18,8,0.3306005550516231,96,24
20251029,CHN,18,8,-1.1570763108054154,96,24
20251030,ETH,17,45,-7.3193413290163845,540,135
20251030,MMR,18,28,-7.490629721284712,336,84
20251030,IRN,17,15,-4.716054405687826,180,45
20251030,FRA,18,2,1.9064264375644575,24,6
20251030,USA,14,5,0.3054090439479341,60,15
20251030,CHN,17,10,-1.1088722159576012,120,30
20251031,ETH,19,14,-6.871819172478636,168,42
20251031,MMR,18,22,-6.134389703756838,264,66
20251031,IRN,14,11,-4.0431200482606044,132,33
20251031,FRA,19,3,1.1911448408739722,36,9
20251031,USA,14,8,1.0728050657757293,96,24
20251031,CHN,19,11,-0.8936159872753727,132,33
20251101,ETH,14,52,-6.9805982457821845,624,156
20251101,MMR,17,26,-6.651336442535917,312,78
20251101,IRN,18,11,-4.322162865133474,132,33
20251101,FRA,17,3,0.7948272344177058,36,9
20251101,USA,14,6,1.3291160963713398,72,18
20251101,CHN,18,10,-1.4220799795989973,120,30
20251102,ETH,17,49,-7.159115189152741,588,147
20251102,MMR,17,25,-6.469294373251343,300,75
20251102,IRN,17,9,-3.4075689954545094,108,27
20251102,FRA,17,1,2.268152295241251,12,3
20251102,USA,18,8,0.4988409692128111,96,24
20251102,CHN,17,7,-1.2467549450546354,84,21
20251103,ETH,19,37,-6.529545739855396,444,111
20251103,MMR,14,21,-6.281531940847164,252,63
20251103,IRN,18,17,-4.134702009579313,204,51
20251103,FRA,19,3,1.5553040674296819,36,9
20251103,USA,18,5,-0.5637262589729457,60,15
20251103,CHN,18,9,-1.2418534130168375,108,27
20251104,ETH,14,38,-7.047734245706672,456,114
20251104,MMR,14,17,-6.134753581682527,204,51
20251104,IRN,19,19,-3.5299238243826454,228,57
20251104,FRA,18,1,1.2937885713456787,12,3
20251104,USA,19,8,1.0391637970483543,96,24
20251104,CHN,19,9,0.4048770944575635,108,27
20251105,ETH,19,39,-7.704252956015307,468,117
20251105,MMR,14,32,-5.529272420837263,384,96
20251105,IRN,17,20,-3.3238615139044434,240,60
20251105,FRA,17,4,0.8645168313398861,48,12
20251105,USA,14,4,0.800233509225822,48,12
20251105,CHN,18,7,-1.317623713518153,84,21
20251106,ETH,19,31,-7.0307033874876765,372,93
20251106,MMR,17,31,-6.96279277694164,372,93
20251106,IRN,17,6,-2.9762732529795515,72,18
20251106,FRA,14,1,1.1581944051320003,12,3
20251106,USA,17,7,0.14276429731901236,84,21
20251106,CHN,17,9,-1.5501043502744611,108,27
20251107,ETH,17,42,-7.791134982277438,504,126
20251107,MMR,19,23,-6.604070726520039,276,69
20251107,IRN,18,10,-4.195526422422975,120,30
20251107,FRA,14,2,0.37268805749722156,24,6
20251107,USA,18,2,0.7495845693153056,24,6
20251107,CHN,17,7,-0.890887097756385,84,21
20251108,ETH,18,38,-7.422431046974003,456,114
20251108,MMR,17,25,-6.3322616768653734,300,75
20251108,IRN,18,15,-4.517165484060465,180,45
20251108,FRA,18,3,1.1649305157161602,36,9
20251108,USA,18,6,0.5552929715981954,72,18
20251108,CHN,17,10,-0.761288216536632,120,30
20251109,ETH,14,36,-7.209169735221593,432,108
20251109,MMR,17,23,-6.275174857956232,276,69
20251109,IRN,18,11,-4.419718686638516,132,33
20251109,FRA,17,4,1.679836332429148,48,12
20251109,USA,18,6,1.025143900414346,72,18
20251109,CHN,17,6,-0.9004960197688338,72,18
20251110,ETH,18,49,-6.528447110425417,588,147
20251110,MMR,14,25,-6.0658737176584285,300,75
20251110,IRN,14,8,-3.9057302684754562,96,24
20251110,FRA,18,2,0.7215534294665492,24,6
20251110,USA,19,2,0.9118215740919362,24,6
20251110,CHN,17,9,-0.48590866186432224,108,27
20251111,ETH,18,40,-7.441009775255618,480,120
20251111,MMR,14,16,-6.093588175800844,192,48
20251111,IRN,19,21,-4.389856673150925,252,63
20251111,FRA,19,2,2.070998058438024,24,6
20251111,USA,18,7,0.7595408936758441,84,21
20251111,CHN,19,7,-1.1725539099668767,84,21
20251112,ETH,14,53,-7.504082347567324,636,159
20251112,MMR,14,32,-6.987735823812734,384,96
20251112,IRN,17,7,-4.377182777079102,84,21
20251112,FRA,14,2,1.8188898924646746,24,6
20251112,USA,14,8,0.7780107755599677,96,24
20251112,CHN,18,4,-0.5609764982493428,48,12
20251113,ETH,18,57,-7.38759764326558,684,171
20251113,MMR,18,29,-6.8057677330907,348,87
20251113,IRN,14,20,-4.262566448191332,240,60
20251113,FRA,17,3,1.0175018358367098,36,9
20251113,USA,17,9,0.4494546458146352,108,27
20251113,CHN,14,11,-0.5354158529047846,132,33
20251114,ETH,17,40,-5.9188242906704565,480,120
20251114,MMR,17,25,-5.684241814427338,300,75
20251114,IRN,17,7,-3.770430369849366,84,21
20251114,FRA,17,2,1.4586099460085569,24,6
20251114,USA,19,7,0.49062985826337574,84,21
20251114,CHN,18,5,-0.10270844488476649,60,15
20251115,ETH,14,43,-7.763668161626907,516,129
20251115,MMR,17,22,-7.232189935933424,264,66
20251115,IRN,17,26,-4.115502560803986,312,78
20251115,FRA,14,2,1.6122740935448443,24,6
20251115,USA,14,4,0.96368360186683,48,12
20251115,CHN,18,8,-1.4522844560308839,96,24
20251116,ETH,18,26,-6.882338589608293,312,78
20251116,MMR,18,21,-6.787050554652645,252,63
20251116,IRN,14,18,-4.357463188760748,216,54
20251116,FRA,18,4,1.4547459802520446,48,12
20251116,USA,14,2,0.10359648906571334,24,6
20251116,CHN,19,7,-0.9053649625819318,84,21
20251117,ETH,17,52,-8.284294596003525,624,156
20251117,MMR,18,25,-7.020727851340286,300,75
20251117,IRN,17,14,-4.371773207232703,168,42
20251117,FRA,19,3,1.7524403133475066,36,9
20251117,USA,18,4,1.1334665405769293,48,12
20251117,CHN,17,8,-1.0671906268515419,96,24
20251118,ETH,14,33,-7.132160554565607,396,99
20251118,MMR,17,21,-6.49246869001306,252,63
20251118,IRN,17,14,-4.325039307647701,168,42
20251118,FRA,18,2,1.395543556781245,24,6
20251118,USA,17,4,0.5722428476675893,48,12
20251118,CHN,17,5,-0.9845628729060829,60,15
20251119,ETH,17,51,-7.801414846153459,612,153
20251119,MMR,18,27,-6.008080867773747,324,81
20251119,IRN,19,19,-4.820048031793471,228,57
20251119,FRA,14,4,2.171349184183795,48,12
20251119,USA,18,5,-0.09921882360040035,60,15
20251119,CHN,17,9,-1.4966521092150875,108,27
20251120,ETH,19,31,-6.960483365354329,372,93
20251120,MMR,17,14,-5.570951654853227,168,42
20251120,IRN,17,11,-3.814136943311878,132,33
20251120,FRA,19,3,1.941451693709977,36,9
20251120,CHN,18,7,-0.4054919320582676,84,21
20251121,ETH,18,30,-7.074502327487037,360,90
20251121,MMR,18,15,-6.215195221607959,180,45
20251121,IRN,14,24,-3.718408819082669,288,72
20251121,FRA,19,2,1.2072786126544153,24,6
20251121,USA,14,6,0.6788284652944981,72,18
20251121,CHN,18,8,0.21226382961594648,96,24
20251122,ETH,17,26,-6.91637134392634,312,78
20251122,MMR,19,26,-7.220410594097078,312,78
20251122,IRN,18,23,-4.707243443788429,276,69
20251122,FRA,17,3,1.8253741552040958,36,9
20251122,USA,18,10,-0.13920068712054,120,30
20251122,CHN,17,7,-1.218020751123378,84,21
20251123,ETH,18,39,-7.982341646590374,468,117
20251123,MMR,17,21,-6.140047325891778,252,63
20251123,IRN,14,19,-3.725796602484354,228,57
20251123,FRA,14,3,1.2544011089970268,36,9
20251123,USA,14,5,1.9138472137025841,60,15
20251123,CHN,19,8,-1.4448232484973476,96,24
20251124,ETH,17,38,-6.621509689892371,456,114
20251124,MMR,14,7,-7.048352197400706,84,21
20251124,IRN,14,19,-3.98122710407147,228,57
20251124,FRA,14,3,0.8338812459495811,36,9
20251124,USA,17,6,0.9832418255285241,72,18
20251124,CHN,17,5,-0.7433597524302684,60,15
20251125,ETH,14,30,-6.878918070840381,360,90
20251125,MMR,19,16,-6.186709222146866,192,48
20251125,IRN,19,26,-3.5089519827098545,312,78
20251125,FRA,19,3,0.8660766848462608,36,9
20251125,USA,17,3,-0.5717125708789741,36,9
20251125,CHN,18,8,-0.8621786278931655,96,24
20251126,ETH,18,45,-6.517930318928932,540,135
20251126,MMR,14,22,-5.808631281636844,264,66
20251126,IRN,14,17,-4.068893738495073,204,51
20251126,FRA,17,3,1.1295704505382764,36,9
20251126,USA,18,7,0.1723045145055735,84,21
20251126,CHN,14,6,-1.372201655215688,72,18
20251127,ETH,17,39,-6.745430550962228,468,117
20251127,MMR,14,40,-5.666955205603627,480,120
20251127,IRN,19,16,-4.5985194710298485,192,48
20251127,FRA,18,3,1.7738804753603894,36,9
20251127,USA,18,5,0.45249875760929015,60,15
20251127,CHN,17,2,-1.0167731547014718,24,6
20251128,ETH,19,44,-7.726589045235626,528,132
20251128,MMR,17,25,-6.245612301869123,300,75
20251128,IRN,14,24,-3.6879849676279757,288,72
20251128,FRA,14,2,0.8343439270963028,24,6
20251128,USA,19,5,0.459708357602822,60,15
20251128,CHN,19,10,-0.4575436033368261,120,30
20251129,ETH,17,51,-6.685955834479983,612,153
20251129,MMR,19,22,-7.47954856528962,264,66
20251129,IRN,17,15,-4.870410976748391,180,45
20251129,FRA,17,2,0.27314520566215816,24,6
20251129,USA,14,5,0.1847663004865731,60,15
20251129,CHN,18,10,-0.872930408206493,120,30
20251130,ETH,19,31,-6.808177537461332,372,93
20251130,MMR,18,30,-7.241178101661516,360,90
20251130,IRN,18,12,-4.366683768524692,144,36
20251130,FRA,17,3,0.5235360375165551,36,9
20251130,USA,18,4,-0.08801483980657643,48,12
20251130,CHN,18,5,-1.6939319537603017,60,15
20251201,ETH,14,35,-7.24593816252802,420,105
20251201,MMR,19,29,-5.7128662762790725,348,87
20251201,IRN,17,13,-3.7047789108945732,156,39
20251201,FRA,14,2,1.774234125298629,24,6
20251201,USA,18,9,0.8938160217842359,108,27
20251201,CHN,17,7,-0.5671105643277012,84,21
20251202,ETH,14,42,-7.0571543918439215,504,126
20251202,MMR,18,39,-7.095688398677286,468,117
20251202,IRN,19,14,-3.5503309208978924,168,42
20251202,FRA,19,4,2.1974973969871674,48,12
20251202,USA,17,5,0.901707835444663,60,15
20251202,CHN,14,8,-0.8391123077060156,96,24
20251203,ETH,19,42,-7.244551595738853,504,126
20251203,MMR,19,28,-7.226571854419769,336,84
20251203,IRN,17,13,-4.030449971952392,156,39
20251203,FRA,14,2,1.785751046850907,24,6
20251203,USA,19,8,0.11997530895386016,96,24
20251203,CHN,19,8,-0.2556550994160077,96,24
20251204,ETH,17,49,-7.214391634795657,588,147
20251204,MMR,17,21,-6.2902519066389155,252,63
20251204,IRN,18,17,-4.279374865723972,204,51
20251204,FRA,17,1,1.084841172769722,12,3
20251204,USA,18,5,0.6783867663771138,60,15
20251204,CHN,18,5,-1.1400907591403568,60,15
20251205,ETH,17,44,-7.063301155259592,528,132
20251205,MMR,14,34,-6.786048327976956,408,102
20251205,IRN,17,11,-4.430618718240136,132,33
20251205,FRA,14,2,0.6381431947852865,24,6
20251205,USA,18,8,0.13375389732146598,96,24
20251205,CHN,14,4,-0.8591795611727978,48,12
20251206,ETH,18,43,-6.251366573791123,516,129
20251206,MMR,19,27,-6.597592305339322,324,81
20251206,IRN,17,13,-4.678989088391608,156,39
20251206,FRA,18,2,1.467396157369418,24,6
20251206,USA,19,2,1.1266435339951757,24,6
20251206,CHN,14,6,-0.5847374607585132,72,18
20251207,ETH,17,53,-6.7698176930014125,636,159
20251207,MMR,18,23,-6.929448251769018,276,69
20251207,IRN,17,14,-3.9265100935026727,168,42
20251207,FRA,17,3,1.313083318723376,36,9
20251207,USA,19,8,0.3040598874551519,96,24
20251207,CHN,18,9,-1.4893440338907218,108,27
20251208,ETH,14,40,-7.15274392068175,480,120
20251208,MMR,19,36,-6.613291596815628,432,108
20251208,IRN,19,12,-4.26411879415927,144,36
20251208,FRA,14,2,1.297091243992987,24,6
20251208,USA,17,7,0.4135027199186209,84,21
20251208,CHN,14,6,0.631675556110882,72,18
20251209,ETH,17,38,-7.7721605884905,456,114
20251209,MMR,14,19,-5.86365776997688,228,57
20251209,IRN,18,9,-4.008366307682014,108,27
20251209,FRA,18,2,1.372788793674688,24,6
20251209,USA,17,6,0.6121009659041681,72,18
20251209,CHN,17,8,-0.31452147072890047,96,24
20251210,ETH,14,57,-8.110601059681025,684,171
20251210,MMR,17,17,-5.941689223086453,204,51
20251210,IRN,17,12,-4.205277706955878,144,36
20251210,FRA,17,4,1.550471334675651,48,12
20251210,USA,19,5,-0.02915610848501593,60,15
20251210,CHN,18,13,-0.9977796611360241,156,39
20251211,ETH,19,42,-6.641545364995067,504,126
20251211,MMR,17,17,-7.442080303480476,204,51
20251211,IRN,18,12,-2.8415341154311364,144,36
20251211,FRA,14,2,1.0899548867349282,24,6
20251211,USA,14,5,0.12811097350096162,60,15
20251211,CHN,17,8,-0.8286400859308316,96,24
20251212,ETH,19,32,-7.215115061246811,384,96
20251212,MMR,18,26,-6.735598355459082,312,78
20251212,IRN,19,17,-3.6427102697854385,204,51
20251212,FRA,17,2,1.842318496974587,24,6
20251212,USA,17,4,0.9000544966154347,48,12
20251212,CHN,14,11,-1.1996003054712359,132,33
20251213,ETH,17,27,-6.558638599024035,324,81
20251213,MMR,18,22,-5.25093682213768,264,66
20251213,IRN,14,5,-3.38560700705019,60,15
20251213,FRA,14,4,1.1098165278740888,48,12
20251213,USA,14,8,1.1570971645266466,96,24
20251213,CHN,17,7,-1.093321476037526,84,21
20251214,ETH,18,56,-7.352965927061833,672,168
20251214,MMR,18,18,-6.338304658147579,216,54
20251214,IRN,14,8,-3.892285954109062,96,24
20251214,FRA,18,1,1.7572676372359617,12,3
20251214,USA,14,8,-0.14039161865154126,96,24
20251214,CHN,17,6,-0.550255680393058,72,18
20251215,ETH,18,24,-6.595873729265824,288,72
20251215,MMR,19,23,-6.765225766049715,276,69
20251215,IRN,19,19,-3.77304599805245,228,57
20251215,FRA,18,1,0.7147722312278046,12,3
20251215,USA,19,5,0.4831495555711861,60,15
20251215,CHN,17,9,-2.312634079911726,108,27
20251216,ETH,14,38,-7.447015344124091,456,114
20251216,MMR,17,28,-6.222792645706706,336,84
20251216,IRN,18,20,-3.812994394727744,240,60
20251216,FRA,19,2,1.0083094126658534,24,6
20251216,USA,19,3,0.6965086556041041,36,9
20251216,CHN,19,9,-0.875261368196763,108,27
20251217,ETH,18,59,-6.664792838881267,708,177
20251217,MMR,17,19,-6.6383784983460385,228,57
20251217,IRN,17,8,-3.9312085501383756,96,24
20251217,FRA,17,1,1.202266183066887,12,3
20251217,USA,17,10,-0.2334835356294458,120,30
20251217,CHN,14,5,-1.0198453454563545,60,15
20251218,ETH,18,50,-6.738638226222755,600,150
20251218,MMR,14,27,-7.037591524188613,324,81
20251218,IRN,17,20,-3.0255122653319706,240,60
20251218,FRA,17,2,1.4523724110643577,24,6
20251218,USA,17,4,0.7554882366436373,48,12
20251218,CHN,19,7,-0.37712676575893334,84,21
20251219,ETH,19,45,-7.138232104289928,540,135
20251219,MMR,19,35,-5.86640153972036,420,105
20251219,IRN,14,14,-3.208415826027943,168,42
20251219,FRA,14,3,1.4301394737389497,36,9
20251219,USA,19,5,0.6751789638202608,60,15
20251219,CHN,18,5,-0.9390973229408909,60,15
20251220,ETH,19,33,-6.780061852347003,396,99
20251220,MMR,14,39,-5.264694675593926,468,117
20251220,IRN,14,17,-3.7734933302670726,204,51
20251220,FRA,19,3,1.0605120949875386,36,9
20251220,USA,18,6,0.7884573349945088,72,18
20251220,CHN,17,7,-0.9577570538260191,84,21
20251221,ETH,18,32,-7.884449216392636,384,96
20251221,MMR,17,34,-5.90979905746155,408,102
20251221,IRN,19,14,-4.080768626544924,168,42
20251221,FRA,14,5,0.8705693541822322,60,15
20251221,USA,18,5,0.9417190952289249,60,15
20251221,CHN,19,5,-0.8280103682724731,60,15
20251222,ETH,19,31,-7.772024170724668,372,93
20251222,MMR,14,29,-6.708109002663051,348,87
20251222,IRN,18,12,-3.785153200128687,144,36
20251222,FRA,17,5,1.7528736671404999,60,15
20251222,USA,17,6,1.9267259689805383,72,18
20251222,CHN,19,10,-1.1000431666577242,120,30
20251223,ETH,18,44,-6.8230570672664435,528,132
20251223,MMR,14,21,-6.737414428592385,252,63
20251223,IRN,18,17,-3.5268113380614294,204,51
20251223,FRA,19,3,1.5640880254989387,36,9
20251223,USA,14,1,0.4364801759173439,12,3
20251223,CHN,17,9,-0.07623817503927555,108,27
20251224,ETH,19,50,-7.148734294205721,600,150
20251224,MMR,18,23,-6.099080654673229,276,69
20251224,IRN,17,15,-4.418972462810508,180,45
20251224,FRA,18,2,0.5036866169584253,24,6
20251224,USA,17,5,1.0734580006218477,60,15
20251224,CHN,14,7,-1.2828245311144357,84,21
20251225,ETH,19,39,-6.679655069307913,468,117
20251225,MMR,14,17,-7.60876653420368,204,51
20251225,IRN,19,29,-3.9517548769971915,348,87
20251225,FRA,17,5,0.9500725180982134,60,15
20251225,USA,19,4,0.7729459996834638,48,12
20251225,CHN,18,7,-0.5794501727653454,84,21
20251226,ETH,14,36,-6.940002948100388,432,108
20251226,MMR,19,11,-6.492465412414607,132,33
20251226,IRN,18,9,-3.9780599689191476,108,27
20251226,FRA,18,5,1.402638817699802,60,15
20251226,USA,17,2,-0.0702093394983756,24,6
20251226,CHN,19,11,-0.6212701697918609,132,33
20251227,ETH,17,59,-7.711550774404811,708,177
20251227,MMR,17,27,-7.180738251636845,324,81
20251227,IRN,18,10,-4.057312962724095,120,30
20251227,FRA,14,1,0.4684397829716831,12,3
20251227,USA,14,8,0.4226438122825515,96,24
20251227,CHN,17,9,-0.7606819856137241,108,27
20251228,ETH,19,32,-6.362792188281542,384,96
20251228,MMR,17,35,-6.101220273374948,420,105
20251228,IRN,18,23,-3.91177160258341,276,69
20251228,FRA,14,2,0.5435626478628643,24,6
20251228,USA,19,6,0.656699004734163,72,18
20251228,CHN,19,4,-1.0854106450309113,48,12
20251229,ETH,19,43,-7.030294399686502,516,129
20251229,MMR,17,29,-5.748674241138698,348,87
20251229,IRN,17,16,-3.859586870271289,192,48
20251229,FRA,19,3,1.9282947143757583,36,9
20251229,USA,17,5,1.1641335803315507,60,15
20251229,CHN,19,3,-1.8701156134100283,36,9
20251230,ETH,14,66,-6.889839640345,792,198
20251230,MMR,18,28,-6.3212540175040814,336,84
20251230,IRN,19,10,-4.487185602668429,120,30
20251230,FRA,14,4,1.861081630389089,48,12
20251230,USA,14,6,0.4697356102759313,72,18
20251230,CHN,17,5,-0.09250723752204437,60,15
20251231,ETH,17,48,-6.859450196226648,576,144
20251231,MMR,18,36,-5.85891314106921,432,108
20251231,IRN,19,18,-4.076654146503317,216,54
20251231,FRA,14,4,2.024763096539695,48,12
20251231,USA,17,8,0.868796928127739,96,24
20251231,CHN,14,9,-0.550653473278762,108,27
20260101,ETH,14,9,-7.0198654033534575,108,27
20260101,MMR,19,17,-6.26735265790872,204,51
20260101,IRN,17,14,-4.253555076916023,168,42
20260101,FRA,19,1,1.798105017859686,12,3
20260101,USA,18,5,-0.4855138867366755,60,15
20260101,CHN,17,14,-1.157966536616578,168,42
20260102,ETH,19,37,-7.69705693728681,444,111
20260102,MMR,18,24,-6.308735015602984,288,72
20260102,IRN,14,19,-3.730197720584103,228,57
20260102,FRA,17,4,1.2597479686057191,48,12
20260102,USA,17,5,0.10220046977185804,60,15
20260102,CHN,18,5,-0.6352220817550478,60,15
20260103,ETH,18,38,-7.081891253927278,456,114
20260103,MMR,14,31,-6.213780244682332,372,93
20260103,IRN,18,16,-3.127694204796643,192,48
20260103,FRA,14,2,0.5756119443857719,24,6
20260103,USA,19,4,1.1283986128351797,48,12
20260103,CHN,18,10,-0.18914901870453615,120,30
20260104,ETH,18,67,-8.150782566422796,804,201
20260104,MMR,19,17,-6.266595744279097,204,51
20260104,IRN,19,1,-3.5421260224988713,12,3
20260104,FRA,17,2,1.4601596066905407,24,6
20260104,USA,17,4,1.53073968680291,48,12
20260104,CHN,18,5,-1.414985854986297,60,15
20260105,ETH,14,42,-6.947058011301158,504,126
20260105,MMR,19,30,-5.947984204477634,360,90
20260105,IRN,19,21,-3.8475261905588365,252,63
20260105,FRA,19,2,1.530421726648835,24,6
20260105,USA,14,10,0.9482457552588648,120,30
20260105,CHN,14,11,-0.27774602110283375,132,33
20260106,ETH,17,71,-7.0112205902633455,852,213
20260106,MMR,17,32,-5.99057516135704,384,96
20260106,IRN,19,13,-4.0612388511049575,156,39
20260106,FRA,18,2,1.522640647666863,24,6
20260106,USA,17,8,-0.0196973226683802,96,24
20260106,CHN,19,6,-0.827235330328322,72,18
20260107,ETH,17,55,-7.017983528460671,660,165
20260107,MMR,19,13,-6.690148447827833,156,39
20260107,IRN,14,11,-4.0842161680700615,132,33
20260107,FRA,14,2,0.986322623447309,24,6
20260107,USA,19,6,1.1340669682147628,72,18
20260107,CHN,14,8,-1.0988088152836777,96,24
20260108,ETH,19,52,-6.689485388161457,624,156
20260108,MMR,19,19,-6.089148786442333,228,57
20260108,IRN,19,11,-4.928032011366048,132,33
20260108,FRA,18,3,1.7778402745355666,36,9
20260108,USA,17,3,0.5159389948990849,36,9
20260108,CHN,18,5,0.03815310598426014,60,15
20260109,ETH,17,35,-8.640512658274439,420,105
20260109,MMR,18,43,-6.380695196924439,516,129
20260109,IRN,17,15,-4.579674869859547,180,45
20260109,FRA,18,3,1.7465198057563391,36,9
20260109,USA,18,6,-0.08562820244571501,72,18
20260109,CHN,14,8,-0.5585568252996185,96,24
20260110,ETH,18,42,-7.4540489312603855,504,126
20260110,MMR,14,31,-5.733695562113391,372,93
20260110,IRN,17,14,-2.7112349637363993,168,42
20260110,FRA,14,1,1.6477657439546478,12,3
20260110,USA,14,5,0.4428831899102907,60,15
20260110,CHN,17,4,-1.5724956296890018,48,12
20260111,ETH,18,41,-7.52865795790793,492,123
20260111,MMR,14,20,-7.292601242181693,240,60
20260111,IRN,19,7,-4.341871895365217,84,21
20260111,FRA,18,2,0.9060744768142358,24,6
20260111,USA,14,9,0.9640372509158273,108,27
20260111,CHN,18,9,-0.16443903576972907,108,27
20260112,ETH,19,57,-6.994442916664358,684,171
20260112,MMR,19,31,-5.989148920750915,372,93
20260112,IRN,19,17,-3.306951374369441,204,51
20260112,FRA,14,2,1.2783154075195278,24,6
20260112,USA,17,6,0.18750138305251918,72,18
20260112,CHN,14,8,0.3861743667867972,96,24
20260113,ETH,14,44,-7.396985185173914,528,132
20260113,MMR,14,28,-7.072588594874149,336,84
20260113,IRN,14,17,-3.9192954888114984,204,51
20260113,FRA,14,3,1.434015164449699,36,9
20260113,USA,19,7,0.8227100458847108,84,21
20260113,CHN,19,8,-0.5113649896112623,96,24
20260114,ETH,18,38,-7.221408610644018,456,114
20260114,MMR,18,36,-6.333103027635446,432,108
20260114,IRN,19,15,-3.639178748355424,180,45
20260114,FRA,18,3,1.5614829738922127,36,9
20260114,USA,14,6,0.0672843010458406,72,18
20260114,CHN,19,5,-0.6384207200994758,60,15
20260115,ETH,14,43,-6.129563865551048,516,129
20260115,MMR,17,32,-6.133468597579212,384,96
20260115,IRN,14,18,-4.2886320567126806,216,54
20260115,USA,17,7,0.8407007504879837,84,21
20260115,CHN,18,8,-0.4627207174655371,96,24
20260116,ETH,17,52,-7.061520569619315,624,156
20260116,MMR,18,23,-6.050077948992411,276,69
20260116,IRN,17,26,-4.426688923384094,312,78
20260116,FRA,14,3,1.3062936657197037,36,9
20260116,USA,18,10,0.32663437305245424,120,30
20260116,CHN,18,7,-0.5184990503196072,84,21
20260117,ETH,18,35,-8.015908963757717,420,105
20260117,MMR,14,26,-6.475156338324268,312,78
20260117,IRN,14,16,-4.321237876651297,192,48
20260117,FRA,18,2,0.9517971778017074,24,6
20260117,USA,14,5,0.024834520940978322,60,15
20260117,CHN,19,7,-0.9867285420694942,84,21
20260118,ETH,17,54,-6.982479563276455,648,162
20260118,MMR,17,24,-6.419820985372099,288,72
20260118,IRN,14,9,-3.5843485600951057,108,27
20260118,FRA,17,1,1.0853140098839464,12,3
20260118,USA,17,2,0.5777772984589602,24,6
20260118,CHN,18,6,-0.6598650981363413,72,18
20260119,ETH,18,13,-7.305454447343007,156,39
20260119,MMR,17,28,-6.410494857651546,336,84
20260119,IRN,17,11,-3.4990887017847236,132,33
20260119,FRA,14,3,2.626815082850181,36,9
20260119,USA,17,5,1.226285141276495,60,15
20260119,CHN,17,8,-0.6149782871741483,96,24
20260120,ETH,18,56,-8.384748179090522,672,168
20260120,MMR,18,36,-7.3767388135577,432,108
20260120,IRN,19,10,-3.151549556898518,120,30
20260120,FRA,14,3,2.2396956617531076,36,9
20260120,USA,17,5,1.596284210868579,60,15
20260120,CHN,19,6,-1.5369178409936575,72,18
20260121,ETH,19,47,-7.2166675439358805,564,141
20260121,MMR,18,31,-6.0736153842826,372,93
20260121,IRN,17,20,-3.423208676369957,240,60
20260121,FRA,14,2,1.009522852462195,24,6
20260121,USA,19,7,0.2387991903302762,84,21
20260121,CHN,18,6,-1.1037304309090246,72,18
20260122,ETH,18,43,-7.323856842743905,516,129
20260122,MMR,19,16,-7.642729872034486,192,48
20260122,IRN,19,13,-3.469553738517411,156,39
20260122,FRA,18,3,1.5471375515029906,36,9
20260122,USA,14,7,0.5137304011357668,84,21
20260122,CHN,14,7,-0.5136203677139676,84,21
20260123,ETH,17,15,-7.6317984529250085,180,45
20260123,MMR,19,7,-7.179710188078626,84,21
20260123,IRN,17,12,-4.177719951223966,144,36
20260123,FRA,14,3,1.6932596872398578,36,9
20260123,USA,14,8,0.05803985843403214,96,24
20260123,CHN,17,6,-1.464592219646109,72,18
20260124,ETH,19,46,-7.56206488606543,552,138
20260124,MMR,18,21,-6.160866905948302,252,63
20260124,IRN,18,15,-4.5261326432564,180,45
20260124,FRA,18,1,1.6894282387648667,12,3
20260124,USA,19,4,-0.15929066078385956,48,12
20260124,CHN,19,7,-0.392893235172908,84,21
20260125,ETH,14,55,-7.162724926381936,660,165
20260125,MMR,18,26,-6.17972928036711,312,78
20260125,IRN,19,17,-4.510444105859138,204,51
20260125,FRA,17,2,1.59028170526511,24,6
20260125,USA,17,5,0.8430329182645871,60,15
20260125,CHN,18,6,-0.4958166616134041,72,18
20260126,ETH,17,57,-7.679637326530433,684,171
20260126,MMR,14,23,-6.720082375667731,276,69
20260126,IRN,14,19,-4.738859930304248,228,57
20260126,FRA,14,2,2.265282784189692,24,6
20260126,USA,19,7,-0.34248162161286677,84,21
20260126,CHN,18,4,-0.5945855040543151,48,12
20260127,ETH,18,48,-6.663697240593584,576,144
20260127,MMR,18,30,-6.710612783955439,360,90
20260127,IRN,18,10,-3.594143575700255,120,30
20260127,FRA,17,1,1.60670225084085,12,3
20260127,USA,17,8,0.09145558559201122,96,24
20260127,CHN,14,8,-0.49559552993222344,96,24
20260128,ETH,14,35,-7.37559246229714,420,105
20260128,MMR,18,16,-6.849155468837081,192,48
20260128,IRN,14,11,-3.428344977787294,132,33
20260128,FRA,18,1,1.9077400823481383,12,3
20260128,USA,19,3,-0.6137374628927992,36,9
20260128,CHN,17,8,-1.4140793214089906,96,24
20260129,ETH,19,38,-7.078956837312567,456,114
20260129,MMR,19,22,-6.013261587229711,264,66
20260129,IRN,19,15,-3.04009950967974,180,45
20260129,FRA,17,2,1.4601087260378915,24,6
20260129,USA,18,7,0.5999550227379206,84,21
20260129,CHN,14,7,-1.097900847640069,84,21
20260130,ETH,19,44,-7.120664367740218,528,132
20260130,MMR,17,19,-7.462568311210259,228,57
20260130,IRN,14,20,-4.804714942712753,240,60
20260130,FRA,14,2,1.2346049268253054,24,6
20260130,USA,18,4,1.0922961016383645,48,12
20260130,CHN,14,12,-0.9329776909558163,144,36
20260131,ETH,18,31,-7.604972141491904,372,93
20260131,MMR,19,34,-5.845823696874363,408,102
20260131,IRN,18,19,-3.342223957448852,228,57
20260131,FRA,19,2,0.9706027585365002,24,6
20260131,USA,18,5,0.38646110964195296,60,15
20260131,CHN,17,8,-0.9292842363177191,96,24
20260201,ETH,18,49,-7.177217977553128,588,147
20260201,MMR,17,2,-6.6980138924476895,24,6
20260201,IRN,18,19,-4.098022718233084,228,57
20260201,FRA,19,3,1.6482537945205828,36,9
20260201,USA,14,7,0.34574433227947443,84,21
20260201,CHN,18,8,-0.7079339228172343,96,24
20260202,ETH,18,38,-6.976644702473006,456,114
20260202,MMR,18,9,-6.099937588446382,108,27
20260202,IRN,19,18,-4.503867854909282,216,54
20260202,FRA,17,2,1.6631367562123152,24,6
20260202,USA,18,6,0.5140143842668643,72,18
20260202,CHN,17,8,-1.4877092973412176,96,24
20260203,ETH,14,22,-6.7100781310568935,264,66
20260203,MMR,18,18,-6.8597530766211685,216,54
20260203,IRN,14,9,-3.24275449021627,108,27
20260203,FRA,18,2,1.3690234437529871,24,6
20260203,USA,14,5,0.37272702319699047,60,15
20260203,CHN,14,8,-1.166680034980711,96,24
20260204,ETH,17,44,-6.9137398791008176,528,132
20260204,MMR,18,25,-7.514853642127154,300,75
20260204,IRN,17,22,-4.5865663969492845,264,66
20260204,FRA,17,2,1.6990933943833058,24,6
20260204,USA,18,5,0.06604452953321038,60,15
20260204,CHN,14,7,0.23171625532840645,84,21
20260205,ETH,14,36,-6.899530110489174,432,108
20260205,MMR,19,10,-6.1649460779282235,120,30
20260205,IRN,14,13,-3.10839340090008,156,39
20260205,FRA,18,3,0.16791509715913366,36,9
20260205,USA,14,4,0.83698129362233,48,12
20260205,CHN,17,6,-1.309198867118973,72,18
20260206,ETH,17,57,-6.878020871546887,684,171
20260206,MMR,19,31,-5.707897659093398,372,93
20260206,FRA,14,1,2.4459198372738746,12,3
20260206,USA,17,8,0.3125566687108242,96,24
20260206,CHN,19,4,-1.2294931896982446,48,12
20260207,ETH,19,37,-6.524718268934051,444,111
20260207,MMR,17,33,-6.6564068111128885,396,99
20260207,IRN,14,19,-3.878190952184454,228,57
20260207,FRA,18,2,2.7305615046963507,24,6
20260207,USA,18,2,1.0062096550081776,24,6
20260207,CHN,19,10,-1.827805754026135,120,30
20260208,ETH,19,28,-7.614467209936106,336,84
20260208,MMR,17,19,-6.6392552000548575,228,57
20260208,IRN,14,14,-4.866480007104466,168,42
20260208,FRA,18,4,1.374028490816029,48,12
20260208,USA,19,7,1.668345067083751,84,21
20260208,CHN,19,4,-0.41586281053835916,48,12
20260209,ETH,18,34,-6.496723912130225,408,102
20260209,MMR,17,23,-6.054772557423198,276,69
20260209,IRN,19,22,-2.9917977809443483,264,66
20260209,FRA,17,4,1.3826044070627637,48,12
20260209,USA,19,6,0.642769876587108,72,18
20260209,CHN,19,9,-0.4995744466838715,108,27
20260210,ETH,18,42,-7.52777942230749,504,126
20260210,MMR,18,17,-6.6438097266138945,204,51
20260210,IRN,14,17,-4.345885709017145,204,51
20260210,FRA,17,1,1.7829984803711139,12,3
20260210,USA,18,5,1.051783390345858,60,15
20260210,CHN,19,10,-0.9950242465669494,120,30
20260211,ETH,19,35,-7.668793533351473,420,105
20260211,MMR,17,32,-5.809827651994306,384,96
20260211,IRN,18,20,-3.887996186671162,240,60
20260211,FRA,14,3,2.351528115082548,36,9
20260211,USA,19,4,0.1500529493826504,48,12
20260211,CHN,18,5,-0.8379802315926397,60,15
20260212,ETH,18,53,-6.710802078144476,636,159
20260212,MMR,17,30,-6.271688566275785,360,90
20260212,IRN,19,21,-3.1966805649784416,252,63
20260212,FRA,17,2,1.7663810739141412,24,6
20260212,USA,17,2,0.508676890511164,24,6
20260212,CHN,18,6,-1.5215233130604304,72,18
20260213,ETH,18,42,-6.941405697660455,504,126
20260213,MMR,19,22,-6.891067563949749,264,66
20260213,IRN,17,9,-4.81156746332734,108,27
20260213,FRA,14,2,2.0391390854514966,24,6
20260213,USA,17,5,0.18926693644481024,60,15
20260213,CHN,14,9,-0.6944482298870777,108,27
20260214,ETH,17,56,-7.769772825124294,672,168
20260214,MMR,19,19,-7.129687315840757,228,57
20260214,IRN,18,14,-4.446150088381684,168,42
20260214,FRA,14,2,1.9869058611188823,24,6
20260214,USA,17,7,0.5005713174926015,84,21
20260214,CHN,18,8,-0.6861272156016136,96,24
20260215,ETH,19,35,-7.045775140314996,420,105
20260215,MMR,17,16,-6.703322068860378,192,48
20260215,IRN,17,13,-4.2542070924945445,156,39
20260215,FRA,14,3,1.37398810118445,36,9
20260215,USA,18,4,0.24968775194776532,48,12
20260215,CHN,19,8,-0.8759193919664708,96,24
20260216,ETH,18,17,-8.795313021543992,204,51
20260216,MMR,17,27,-6.389391767378972,324,81
20260216,IRN,18,12,-4.178815391998711,144,36
20260216,FRA,17,2,1.461561516717064,24,6
20260216,USA,18,5,1.1924664280024222,60,15
20260216,CHN,18,9,-1.221593664438854,108,27
20260217,ETH,17,65,-6.597733264900006,780,195
20260217,MMR,14,34,-6.8073238027662155,408,102
20260217,IRN,14,13,-4.224170469999275,156,39
20260217,FRA,17,3,1.2807724037678776,36,9
20260217,USA,19,2,1.4686497454267071,24,6
20260217,CHN,19,10,-1.7771874248309685,120,30
20260218,ETH,14,49,-7.282354183891832,588,147
20260218,MMR,19,30,-5.74688287204636,360,90
20260218,IRN,14,11,-4.644256007730626,132,33
20260218,FRA,14,2,1.0000607914290525,24,6
20260218,USA,17,4,0.48177272196184384,48,12
20260218,CHN,14,8,-0.8712235631517274,96,24
20260219,ETH,17,49,-7.794849967895117,588,147
20260219,MMR,14,11,-6.253015614401541,132,33
20260219,IRN,19,18,-3.618122674389899,216,54
20260219,FRA,19,4,1.7456833298907166,48,12
20260219,USA,19,4,0.04179063842651154,48,12
20260219,CHN,18,6,-0.8061332165997723,72,18
20260220,ETH,19,36,-7.398159083308287,432,108
20260220,MMR,14,39,-7.023296823089476,468,117
20260220,IRN,17,18,-3.30007942652384,216,54
20260220,FRA,17,2,1.875005493268847,24,6
20260220,CHN,14,6,-0.9102414417511604,72,18
20260221,ETH,18,40,-6.7606388596310545,480,120
20260221,MMR,18,44,-6.544981199592927,528,132
20260221,IRN,14,12,-3.650561657051288,144,36
20260221,FRA,17,2,0.7306952113315227,24,6
20260221,USA,17,7,0.6026845683772355,84,21
20260221,CHN,17,9,-1.4556734705082837,108,27
20260222,ETH,19,33,-6.7753390328126795,396,99
20260222,MMR,18,28,-7.007161672684577,336,84
20260222,IRN,18,15,-4.240573721361984,180,45
20260222,FRA,19,3,1.5590347878793291,36,9
20260222,USA,17,3,1.69634193192728,36,9
20260222,CHN,14,9,-0.9414500038856009,108,27
20260223,ETH,17,42,-7.151810023513337,504,126
20260223,MMR,14,27,-6.8564405815791005,324,81
20260223,IRN,17,14,-3.923019991570566,168,42
20260223,FRA,17,3,0.587368354213611,36,9
20260223,USA,18,4,0.1675418823369958,48,12
20260223,CHN,18,8,-0.0016060150852056365,96,24
20260224,ETH,14,35,-7.318742466720244,420,105
20260224,MMR,18,12,-6.455208655084231,144,36
20260224,IRN,18,14,-4.320313618570434,168,42
20260224,FRA,19,3,2.114520342837717,36,9
20260224,USA,17,4,0.2864575128091037,48,12
20260224,CHN,18,6,-0.8287607978361493,72,18
20260225,ETH,14,51,-6.922589435796242,612,153
20260225,MMR,17,29,-6.039207500717678,348,87
20260225,IRN,19,17,-3.8266692649161143,204,51
20260225,FRA,17,1,1.160081417347333,12,3
20260225,USA,17,2,1.1626954110731162,24,6
20260225,CHN,17,10,-0.7072137168357273,120,30
20260226,ETH,17,58,-8.037965233780643,696,174
20260226,MMR,18,35,-6.416638270803627,420,105
20260226,IRN,18,15,-3.739619292298939,180,45
20260226,FRA,18,3,1.150105178119322,36,9
20260226,USA,17,4,0.08309143557931187,48,12
20260226,CHN,18,8,-1.7983397154271135,96,24
20260227,ETH,17,51,-7.772678871111919,612,153
20260227,MMR,19,21,-6.875684804137522,252,63
20260227,IRN,17,17,-4.349266718433829,204,51
20260227,FRA,19,1,0.9804131007431383,12,3
20260227,USA,17,2,0.9554332379219914,24,6
20260227,CHN,17,10,-0.21682809384360746,120,30
20260228,ETH,17,61,-7.898546312631236,732,183
20260228,MMR,19,28,-6.0868062594789185,336,84
20260228,FRA,14,3,1.3122258708149661,36,9
20260228,USA,19,6,-0.6880621318638349,72,18
20260228,CHN,14,7,-1.0048793797332773,84,21
20260301,ETH,19,47,-6.823454535157439,564,141
20260301,MMR,17,18,-6.147554738050179,216,54
20260301,IRN,14,11,-4.089832941213283,132,33
20260301,FRA,17,2,1.5646615821930843,24,6
20260301,USA,18,2,-0.10157183312107532,24,6
20260301,CHN,19,9,-0.36560672109355996,108,27
20260302,ETH,14,22,-7.082746994720411,264,66
20260302,MMR,19,20,-6.97000939417143,240,60
20260302,IRN,18,26,-4.518414294692027,312,78
20260302,FRA,17,2,1.6408066984483427,24,6
20260302,USA,17,9,-0.13029543553061584,108,27
20260302,CHN,19,7,-0.08054115216170699,84,21
20260303,ETH,17,19,-6.612402033772261,228,57
20260303,MMR,17,27,-6.609322225148245,324,81
20260303,IRN,18,10,-3.738953042619177,120,30
20260303,FRA,18,3,2.012747589660095,36,9
20260303,USA,17,6,0.5712662844826722,72,18
20260303,CHN,18,9,-1.1617263147741208,108,27
20260304,ETH,17,61,-6.851100789324028,732,183
20260304,MMR,19,17,-6.402130924790983,204,51
20260304,FRA,19,2,1.0687978739514643,24,6
20260304,USA,14,6,0.837463594314894,72,18
20260304,CHN,19,11,-1.7806566937486124,132,33
20260305,ETH,14,11,-7.277026696247786,132,33
20260305,MMR,18,32,-6.44413588117341,384,96
20260305,IRN,18,11,-4.346374760937551,132,33
20260305,FRA,19,2,1.8070918047533966,24,6
20260305,USA,17,6,1.5143438821638666,72,18
20260305,CHN,14,8,-0.46731343813869297,96,24
20260306,ETH,17,51,-7.514637777472427,612,153
20260306,MMR,14,12,-6.304445561918637,144,36
20260306,IRN,14,18,-3.816873441364913,216,54
20260306,FRA,17,3,1.1266434470161995,36,9
20260306,USA,17,11,1.8474607983212559,132,33
20260306,CHN,19,9,-0.8577959652970103,108,27
20260307,ETH,14,23,-7.172212778095754,276,69
20260307,MMR,18,18,-6.645212035065729,216,54
20260307,IRN,19,25,-4.415649039407733,300,75
20260307,FRA,19,3,2.3104972445974585,36,9
20260307,USA,17,8,-0.2491557006806493,96,24
20260307,CHN,14,6,-1.294234961939688,72,18
20260308,ETH,18,45,-7.143057485121792,540,135
20260308,MMR,19,16,-6.244378705039449,192,48
20260308,IRN,18,14,-3.9136766137987986,168,42
20260308,FRA,17,3,2.192986059618571,36,9
20260308,USA,18,3,0.7531234774211623,36,9
20260308,CHN,17,7,-0.559387271135466,84,21
20260309,ETH,17,48,-6.843946092499093,576,144
20260309,MMR,18,31,-6.59821095746367,372,93
20260309,IRN,19,18,-3.4940906129679172,216,54
20260309,FRA,17,3,1.6586848186697807,36,9
20260309,USA,19,2,0.10672311394294864,24,6
20260309,CHN,17,7,-0.38380982736038516,84,21
20260310,ETH,14,42,-7.7490073809103395,504,126
20260310,MMR,14,29,-6.10239344363202,348,87
20260310,IRN,19,11,-4.527120663470493,132,33
20260310,FRA,19,2,2.015059423872049,24,6
20260310,USA,18,6,1.5965657481305566,72,18
20260310,CHN,14,11,-1.3301843633115205,132,33
20260311,ETH,14,48,-6.961392166759765,576,144
20260311,MMR,18,13,-6.858304160655689,156,39
20260311,IRN,14,21,-4.185433177842342,252,63
20260311,FRA,18,1,1.8124256297899544,12,3
20260311,USA,17,3,1.4699255185047464,36,9
20260311,CHN,19,6,-0.6475657275187291,72,18
20260312,ETH,17,31,-7.25113483254856,372,93
20260312,MMR,17,25,-6.114107960539726,300,75
20260312,IRN,18,15,-4.865620233378033,180,45
20260312,FRA,18,3,1.388022692430722,36,9
20260312,USA,17,6,0.4488623274733406,72,18
20260312,CHN,18,10,-1.170366438119479,120,30
20260313,ETH,19,39,-7.457158389180268,468,117
20260313,MMR,19,38,-6.562856387259885,456,114
20260313,IRN,19,15,-4.197750522468192,180,45
20260313,FRA,18,3,2.3914479424351773,36,9
20260313,USA,14,8,-0.6254340865623336,96,24
20260313,CHN,19,6,-1.322720939452112,72,18
20260314,ETH,18,14,-6.847743977891634,168,42
20260314,MMR,14,15,-6.268377734621492,180,45
20260314,IRN,17,22,-4.446962641011133,264,66
20260314,FRA,18,4,2.257636471757401,48,12
20260314,USA,17,8,0.7227246289131992,96,24
20260314,CHN,14,5,-0.5902458216700234,60,15
20260315,ETH,14,19,-8.50492673082183,228,57
20260315,MMR,18,19,-6.138368850619819,228,57
20260315,IRN,14,15,-3.836247883034056,180,45
20260315,FRA,14,2,1.2154687560546975,24,6
20260315,USA,14,2,-0.7083520750093337,24,6
20260315,CHN,17,9,-1.8615575514347396,108,27
20260316,ETH,18,29,-7.394164353716022,348,87
20260316,MMR,18,30,-6.701730429667364,360,90
20260316,IRN,19,18,-3.754617476854233,216,54
20260316,FRA,17,3,1.0772708398028132,36,9
20260316,USA,17,4,1.0545407848084163,48,12
20260316,CHN,18,11,-1.1439357970978614,132,33
20260317,ETH,18,26,-6.8664685212862695,312,78
20260317,MMR,14,28,-6.74138280523785,336,84
20260317,IRN,18,10,-3.682106567146773,120,30
20260317,FRA,14,2,2.2063589858255854,24,6
20260317,USA,17,6,1.1278270975845284,72,18
20260317,CHN,19,10,-1.2075179080240919,120,30
20260318,ETH,17,48,-6.232808707414136,576,144
20260318,MMR,19,30,-6.3358453122970975,360,90
20260318,IRN,18,26,-4.153783764727388,312,78
20260318,FRA,19,2,1.3559830298555677,24,6
20260318,USA,18,3,-0.2528044005084673,36,9
20260318,CHN,19,8,-0.21266631490126398,96,24
20260319,ETH,17,33,-7.855308201120026,396,99
20260319,MMR,17,19,-5.86029368239269,228,57
20260319,IRN,19,11,-3.191080009092383,132,33
20260319,FRA,19,3,1.4963695914017752,36,9
20260319,USA,14,7,-0.509431837378568,84,21
20260319,CHN,19,7,-0.3658892687897689,84,21
20260320,ETH,14,39,-6.808638084255538,468,117
20260320,MMR,14,19,-6.4911308572537205,228,57
20260320,IRN,17,22,-3.973741941044796,264,66
20260320,FRA,17,4,1.3734959846684953,48,12
20260320,USA,14,5,0.42186685375929545,60,15
20260320,CHN,14,6,-1.358478700327201,72,18
20260321,ETH,18,28,-6.375251514993009,336,84
20260321,MMR,19,32,-6.753700957279408,384,96
20260321,IRN,17,7,-3.6484917982804475,84,21
20260321,FRA,14,2,0.670977335125343,24,6
20260321,USA,18,6,1.1704217726605546,72,18
20260321,CHN,17,7,-0.43373458420812894,84,21
20260322,ETH,18,53,-7.580122311556019,636,159
20260322,MMR,19,34,-6.372867158859477,408,102
20260322,IRN,14,24,-3.767816288762747,288,72
20260322,USA,19,6,0.25502257959107855,72,18
20260322,CHN,18,9,-1.2613322453350801,108,27
20260323,ETH,19,41,-8.058059113657805,492,123
20260323,MMR,17,23,-6.734108678439863,276,69
20260323,IRN,18,6,-3.7645794158552532,72,18
20260323,FRA,17,2,0.5031989834065841,24,6
20260323,USA,14,7,0.9215840288440622,84,21
20260323,CHN,17,10,-1.1296381131282196,120,30
20260324,ETH,18,38,-7.291249893886902,456,114
20260324,MMR,14,9,-6.157195607258439,108,27
20260324,IRN,18,16,-3.7087954381705863,192,48
20260324,FRA,19,2,1.3131207726568694,24,6
20260324,USA,19,7,-0.30970159036195977,84,21
20260324,CHN,14,7,-1.6605444572748793,84,21
20260325,ETH,14,50,-8.073278205195077,600,150
20260325,MMR,17,21,-7.62825345389987,252,63
20260325,IRN,18,22,-3.6456116232262294,264,66
20260325,FRA,14,3,1.6097364744082512,36,9
20260325,USA,14,3,-0.3790401886994127,36,9
20260325,CHN,19,7,-1.3819905429575547,84,21
20260326,ETH,18,15,-7.312807504673943,180,45
20260326,MMR,14,21,-7.463492874439642,252,63
20260326,IRN,17,19,-3.478965160520488,228,57
20260326,FRA,18,2,1.0748813455393862,24,6
20260326,USA,18,7,-0.28212654589972297,84,21
20260326,CHN,17,7,-0.6142734114395703,84,21
20260327,ETH,14,53,-7.252471095853822,636,159
20260327,MMR,19,26,-6.59780565186417,312,78
20260327,IRN,17,12,-4.249254647624115,144,36
20260327,FRA,19,2,2.1147413545975065,24,6
20260327,USA,19,6,0.8608005517034705,72,18
20260327,CHN,14,7,-0.6494577332914365,84,21
20260328,ETH,19,29,-7.9172848714604145,348,87
20260328,MMR,19,34,-5.782894340687608,408,102
20260328,IRN,18,21,-3.8936310209974705,252,63
20260328,FRA,17,2,1.8008530631961612,24,6
20260328,USA,18,5,1.0087507382603778,60,15
20260328,CHN,19,9,-0.7302232674753404,108,27
20260329,ETH,18,39,-7.149430002058006,468,117
20260329,MMR,14,26,-7.086064823084424,312,78
20260329,IRN,19,12,-3.4375231595884093,144,36
20260329,FRA,14,1,0.8928651326955319,12,3
20260329,USA,17,4,0.03236035304835344,48,12
20260329,CHN,18,11,-0.6329467638554354,132,33
20260330,ETH,18,11,-7.027723423899224,132,33
20260330,MMR,18,14,-6.549025120158232,168,42
20260330,IRN,17,15,-4.055877460568593,180,45
20260330,FRA,14,3,1.2361023878071022,36,9
20260330,USA,14,5,0.8091537528865582,60,15
20260330,CHN,18,6,-0.39569997825908854,72,18
20260331,ETH,19,64,-7.439987811366494,768,192
20260331,MMR,19,28,-6.637971559904398,336,84
20260331,IRN,18,17,-4.517417630905288,204,51
20260331,FRA,19,2,1.0885199375079737,24,6
20260331,USA,17,8,0.6601382923963187,96,24
20260331,CHN,18,7,-1.0939417649770606,84,21
20260401,ETH,14,51,-7.201107456399436,612,153
20260401,MMR,17,39,-6.435091724179492,468,117
20260401,IRN,17,13,-3.3652366345171414,156,39
20260401,FRA,14,2,1.2543248512422585,24,6
20260401,USA,19,8,1.2032946056427618,96,24
20260401,CHN,14,6,-0.7838559597015742,72,18
20260402,ETH,14,33,-7.997319215419818,396,99
20260402,MMR,17,23,-5.960995683854172,276,69
20260402,IRN,17,15,-3.5018071074668002,180,45
20260402,FRA,18,3,1.3606262703527214,36,9
20260402,USA,19,5,1.0770662190170222,60,15
20260402,CHN,18,7,-1.8064626514697522,84,21
20260403,ETH,18,29,-6.634898604321561,348,87
20260403,MMR,19,31,-6.897390855158909,372,93
20260403,IRN,14,17,-3.9487835326872798,204,51
20260403,FRA,14,3,2.073916351055228,36,9
20260403,USA,18,8,0.7385986913706498,96,24
20260403,CHN,14,5,-1.1424617901277538,60,15
20260404,ETH,18,50,-7.102322470468542,600,150
20260404,MMR,14,33,-6.487045578574114,396,99
20260404,IRN,17,10,-3.7617991207212045,120,30
20260404,FRA,18,2,1.0734914117714498,24,6
20260404,USA,14,6,0.7611370180450374,72,18
20260404,CHN,17,5,-0.5811933271453569,60,15
20260405,ETH,17,32,-7.974731015635042,384,96
20260405,MMR,19,32,-6.389856604004979,384,96
20260405,IRN,14,25,-4.910069234769924,300,75
20260405,FRA,18,3,1.9580784073867104,36,9
20260405,USA,19,2,0.9787374170368557,24,6
20260405,CHN,17,10,-0.9240040462695017,120,30
20260406,ETH,19,21,-6.1371675132018435,252,63
20260406,MMR,18,28,-5.995065483447189,336,84
20260406,IRN,19,13,-4.094558499964325,156,39
20260406,FRA,19,2,1.3639170891926193,24,6
20260406,USA,18,3,1.069759014944517,36,9
20260406,CHN,14,8,-1.3299028988778072,96,24
20260407,ETH,18,61,-7.167187381984117,732,183
20260407,MMR,18,11,-5.837716419371761,132,33
20260407,IRN,17,21,-3.2698889085895697,252,63
20260407,FRA,17,2,1.3774879445711685,24,6
20260407,USA,19,5,0.44242547969994633,60,15
20260407,CHN,14,10,-1.1639976878227594,120,30
20260408,ETH,18,45,-7.064765649252905,540,135
20260408,MMR,17,18,-6.506105191730357,216,54
20260408,IRN,17,22,-4.578233508421086,264,66
20260408,FRA,18,2,1.0043408695617164,24,6
20260408,USA,14,4,-0.10515456883007213,48,12
20260408,CHN,17,8,-0.532958681302605,96,24
20260409,ETH,18,42,-7.108347730971718,504,126
20260409,MMR,18,19,-5.9643982298941935,228,57
20260409,IRN,17,26,-3.7946250711814606,312,78
20260409,FRA,14,3,1.6100865131268507,36,9
20260409,USA,19,5,0.47130218212866504,60,15
20260409,CHN,19,7,-1.0635775835734098,84,21
20260410,ETH,14,39,-6.038739993884535,468,117
20260410,MMR,14,15,-6.6852513172392705,180,45
20260410,IRN,19,8,-3.2118505281205154,96,24
20260410,FRA,17,2,1.0905583736199107,24,6
20260410,USA,19,3,0.15109374615822374,36,9
20260410,CHN,19,9,-1.341314355218813,108,27
20260411,ETH,17,33,-8.014139962919163,396,99
20260411,MMR,19,34,-7.066941257225876,408,102
20260411,IRN,17,15,-2.810037058630132,180,45
20260411,FRA,18,3,1.9286452498657316,36,9
20260411,USA,19,5,0.5022895445943524,60,15
20260411,CHN,17,10,-1.4908418125046832,120,30
20260412,ETH,17,45,-7.67521737467521,540,135
20260412,MMR,19,10,-6.753441569224221,120,30
20260412,IRN,18,14,-3.7469225546849967,168,42
20260412,FRA,18,4,1.152805161445936,48,12
20260412,USA,14,5,0.08672547927413438,60,15
20260412,CHN,14,8,-1.1293764897274001,96,24
20260413,ETH,14,43,-8.211302706331114,516,129
20260413,MMR,14,36,-6.46308733358841,432,108
20260413,IRN,18,14,-3.472828463710272,168,42
20260413,FRA,14,3,1.1904882394325935,36,9
20260413,USA,19,6,0.39755557514816553,72,18
20260413,CHN,18,10,-0.5942258551922857,120,30
20260414,ETH,18,47,-7.515747927568096,564,141
20260414,MMR,18,34,-6.35124604173716,408,102
20260414,IRN,18,12,-3.9510600656334063,144,36
20260414,FRA,14,2,1.446927858395651,24,6
20260414,USA,17,7,0.1066192086985926,84,21
20260414,CHN,17,6,-0.8159635919623474,72,18
20260415,ETH,14,28,-7.226137948763286,336,84
20260415,MMR,14,15,-7.665878489685107,180,45
20260415,IRN,14,11,-4.760405531408423,132,33
20260415,FRA,18,3,2.1560069424355754,36,9
20260415,USA,19,6,0.7111416342975059,72,18
20260415,CHN,17,7,-0.11516457382021894,84,21
20260416,ETH,14,33,-7.430289934761747,396,99
20260416,MMR,19,35,-6.76316020001498,420,105
20260416,IRN,14,11,-3.3929518922396182,132,33
20260416,FRA,18,2,1.86506961141829,24,6
20260416,USA,14,4,-0.021687614975094194,48,12
20260416,CHN,18,7,-1.2007405570696186,84,21
20260417,ETH,18,29,-6.853148098713202,348,87
20260417,MMR,14,18,-5.537668889893701,216,54
20260417,IRN,14,16,-4.377457329200497,192,48
20260417,FRA,19,2,1.9523132114848565,24,6
20260417,USA,19,4,0.09157565997576783,48,12
20260417,CHN,14,5,-0.679788140878163,60,15
20260418,ETH,14,30,-7.822072622539185,360,90
20260418,MMR,19,22,-6.473904630050937,264,66
20260418,IRN,18,10,-4.322916942387309,120,30
20260418,FRA,19,2,1.0271413889220211,24,6
20260418,USA,17,6,0.6505632487884407,72,18
20260418,CHN,19,12,-0.5166398409707026,144,36
20260419,ETH,17,52,-7.411051541741078,624,156
20260419,MMR,18,34,-6.664605550992776,408,102
20260419,IRN,18,18,-3.8059913820690197,216,54
20260419,FRA,18,3,0.39033534639660017,36,9
20260419,USA,18,5,0.7715228474360032,60,15
20260419,CHN,18,8,-0.3564058508386154,96,24
20260420,ETH,17,39,-6.7440439792903595,468,117
20260420,MMR,17,42,-6.6692280692396695,504,126
20260420,IRN,19,22,-4.742643419171097,264,66
20260420,FRA,14,2,1.0702104150333942,24,6
20260420,USA,18,8,0.2261031140825352,96,24
20260420,CHN,19,8,-0.2967620602544371,96,24
20260421,ETH,18,39,-7.019386680190429,468,117
20260421,MMR,19,18,-6.2464017839618196,216,54
20260421,IRN,19,19,-4.215091716663991,228,57
20260421,FRA,18,3,0.791087476323415,36,9
20260421,USA,18,9,0.5104427489122727,108,27
20260421,CHN,19,3,-1.3380279252297074,36,9
20260422,ETH,14,22,-7.2702753800399735,264,66
20260422,MMR,17,23,-6.815599450747837,276,69
20260422,IRN,14,20,-4.490362195779628,240,60
20260422,FRA,14,3,0.8672785081649579,36,9
20260422,USA,18,5,0.6480868370581911,60,15
20260422,CHN,17,7,-1.2914173625505343,84,21
20260423,ETH,19,43,-7.077800784343365,516,129
20260423,MMR,19,33,-7.024929329320597,396,99
20260423,IRN,19,16,-3.9939544454220313,192,48
20260423,USA,14,7,0.39873872495667695,84,21
20260423,CHN,14,9,-0.6888831734952903,108,27
20260424,ETH,19,54,-7.134733863473184,648,162
20260424,MMR,18,31,-6.94713847226372,372,93
20260424,IRN,17,14,-3.206414891813304,168,42
20260424,FRA,14,2,1.8339302017150472,24,6
20260424,USA,19,4,-0.1512120776648621,48,12
20260424,CHN,17,4,-1.567349909682776,48,12
20260425,ETH,18,44,-6.943053981712314,528,132
20260425,MMR,17,16,-7.574263035033033,192,48
20260425,IRN,18,14,-4.5240783030153375,168,42
20260425,FRA,19,3,1.5890464074223176,36,9
20260425,USA,17,7,0.17682959502614504,84,21
20260425,CHN,18,5,-0.5028050202044954,60,15
20260426,ETH,18,27,-7.3780182825846445,324,81
20260426,MMR,17,27,-6.999531644186202,324,81
20260426,IRN,19,4,-3.5315563376686407,48,12
20260426,FRA,19,2,1.1739402745590592,24,6
20260426,USA,14,6,-0.48908700593022536,72,18
20260426,CHN,19,8,-0.7774383739562822,96,24
20260427,ETH,19,40,-7.703628251945385,480,120
20260427,MMR,18,11,-6.76761213416066,132,33
20260427,IRN,17,22,-4.151149430096432,264,66
20260427,FRA,18,3,0.6143748661841815,36,9
20260427,USA,14,7,0.26084804564585246,84,21
20260427,CHN,17,5,-0.38988709634300356,60,15
20260428,ETH,17,38,-7.351213541298913,456,114
20260428,MMR,17,19,-5.953497804236023,228,57
20260428,IRN,14,15,-3.799504621511508,180,45
20260428,FRA,17,3,1.5714513305380868,36,9
20260428,USA,19,7,0.6001730857224484,84,21
20260428,CHN,14,4,-0.6737483534941608,48,12
20260429,ETH,18,44,-6.989924398929819,528,132
20260429,MMR,14,15,-5.790212765278957,180,45
20260429,IRN,18,15,-3.339127380359618,180,45
20260429,FRA,14,3,1.15110904946005,36,9
20260429,USA,17,4,0.15098875898713626,48,12
20260429,CHN,19,10,-1.5313366178961194,120,30
20260430,ETH,19,24,-7.150565665371534,288,72
20260430,MMR,14,35,-6.196902539815579,420,105
20260430,IRN,17,17,-3.7253574549611783,204,51
20260430,FRA,19,2,1.828078981906955,24,6
20260430,USA,14,5,1.3232821998852196,60,15
20260430,CHN,18,5,-1.433513044251567,60,15
20260501,ETH,18,52,-6.672428044372,624,156
20260501,MMR,17,18,-6.738459602541732,216,54
20260501,IRN,18,8,-4.415317390755738,96,24
20260501,FRA,14,3,1.1223754877097982,36,9
20260501,USA,18,5,0.8952989192635991,60,15
20260501,CHN,19,10,-1.417309118264856,120,30
20260502,ETH,14,20,-7.1796129200690055,240,60
20260502,MMR,19,22,-6.855010534740088,264,66
20260502,IRN,19,12,-3.935796289788439,144,36
20260502,FRA,18,3,2.4112630650647002,36,9
20260502,USA,19,8,0.36649478797246576,96,24
20260502,CHN,17,8,-1.462887474091961,96,24
20260503,ETH,18,32,-7.512280339541983,384,96
20260503,MMR,19,16,-6.616570130694886,192,48
20260503,IRN,18,15,-3.96736436322814,180,45
20260503,FRA,18,2,1.4102067470953736,24,6
20260503,USA,17,4,-0.18979116985569133,48,12
20260503,CHN,17,6,-0.92193802218911,72,18
20260504,ETH,19,43,-7.412972292726623,516,129
20260504,MMR,17,28,-5.479049969791119,336,84
20260504,IRN,14,8,-3.8082351080322328,96,24
20260504,FRA,18,3,2.037975891865713,36,9
20260504,USA,19,6,0.12271916852336057,72,18
20260504,CHN,19,9,-1.5744183771654667,108,27
20260505,ETH,14,39,-6.766458303181175,468,117
20260505,MMR,14,29,-5.853414701221933,348,87
20260505,IRN,18,6,-3.660565944439271,72,18
20260505,FRA,18,1,0.9593517232132268,12,3
20260505,USA,14,6,-0.3256811668405465,72,18
20260505,CHN,18,8,-1.6076832335384,96,24
20260506,ETH,17,21,-6.215578258153321,252,63
20260506,MMR,17,20,-7.088587022826874,240,60
20260506,IRN,18,12,-3.353932705140916,144,36
20260506,FRA,18,3,1.2455374248599609,36,9
20260506,USA,18,5,1.3649920093566332,60,15
20260506,CHN,18,7,-0.48166207767845415,84,21
20260507,ETH,14,68,-6.883436684348217,816,204
20260507,MMR,19,16,-5.658024117785759,192,48
20260507,IRN,17,16,-4.959967333792539,192,48
20260507,FRA,14,2,1.3247462426655296,24,6
20260507,USA,18,7,0.8290791990898669,84,21
20260507,CHN,19,10,-0.8581272678001767,120,30
20260508,ETH,14,37,-7.733462553054404,444,111
20260508,MMR,14,31,-7.195729964766491,372,93
20260508,IRN,19,23,-3.799924064432794,276,69
20260508,FRA,18,3,0.8588225993565183,36,9
20260508,USA,17,8,0.54913601410215,96,24
20260508,CHN,19,9,-0.6829913199548119,108,27
20260509,ETH,18,35,-7.208034664694957,420,105
20260509,MMR,17,26,-7.603124157794248,312,78
20260509,IRN,18,22,-4.4643752377896675,264,66
20260509,FRA,19,5,2.378998596891499,60,15
20260509,USA,14,5,1.3687984354887235,60,15
20260509,CHN,18,8,-0.7681009605832065,96,24
20260510,ETH,18,10,-7.9380547448712875,120,30
20260510,MMR,19,12,-6.608222665076879,144,36
20260510,IRN,18,19,-3.8202431626209172,228,57
20260510,FRA,19,4,1.6792328015225064,48,12
20260510,USA,17,5,-0.08175696798742838,60,15
20260510,CHN,18,4,-1.4647334119295061,48,12
20260511,ETH,17,33,-7.6847060726779235,396,99
20260511,MMR,14,16,-6.483504742140076,192,48
20260511,IRN,18,8,-4.10393818164763,96,24
20260511,FRA,17,3,2.0232885207369558,36,9
20260511,USA,18,4,0.752516882508653,48,12
20260511,CHN,14,7,0.6096984099282923,84,21
20260512,ETH,14,32,-7.984548593535342,384,96
20260512,MMR,19,20,-5.973296447663824,240,60
20260512,IRN,17,16,-4.6190195647109435,192,48
20260512,FRA,14,4,0.8168840951296753,48,12
20260512,USA,17,8,0.8072785543200713,96,24
20260512,CHN,18,5,-1.1036461239719215,60,15
20260513,ETH,18,31,-6.947881460604867,372,93
20260513,MMR,19,26,-7.073148022879827,312,78
20260513,IRN,17,13,-3.369325626003012,156,39
20260513,FRA,17,2,1.1480430454044297,24,6
20260513,USA,14,6,0.18488595919917666,72,18
20260513,CHN,18,8,-1.4058466329827315,96,24
20260514,ETH,18,62,-6.761384637358039,744,186
20260514,MMR,18,14,-6.616356142913156,168,42
20260514,IRN,18,21,-4.710247318686113,252,63
20260514,FRA,18,2,1.111558106548715,24,6
20260514,USA,17,3,1.4507329117862393,36,9
20260514,CHN,18,7,-1.8699078690042414,84,21
20260515,ETH,19,52,-6.659666615925221,624,156
20260515,MMR,17,23,-6.238157863539301,276,69
20260515,IRN,19,14,-4.765472896767128,168,42
20260515,FRA,19,5,0.971998265966629,60,15
20260515,USA,18,4,0.8736890504190895,48,12
20260515,CHN,17,10,-0.7539866472952617,120,30
20260516,ETH,14,35,-6.162604612735793,420,105
20260516,MMR,17,22,-6.312981654379959,264,66
20260516,IRN,17,13,-3.610182680479589,156,39
20260516,FRA,18,4,1.3911940075041571,48,12
20260516,USA,19,8,1.2133861182900318,96,24
20260516,CHN,17,7,-0.9021909336406395,84,21
20260517,ETH,14,41,-7.516780965821342,492,123
20260517,MMR,18,33,-5.68626801574272,396,99
20260517,IRN,18,16,-3.9248367965485174,192,48
20260517,FRA,19,4,1.3918381842254162,48,12
20260517,USA,17,5,1.4045168871817169,60,15
20260517,CHN,18,5,-0.4880290507120595,60,15
20260518,ETH,17,57,-6.512909210435701,684,171
20260518,MMR,17,33,-6.83361683416571,396,99
20260518,IRN,19,20,-4.4870038508744345,240,60
20260518,FRA,19,1,0.8628680865818472,12,3
20260518,USA,14,3,0.1856987711830126,36,9
20260518,CHN,19,7,-1.5064056602238618,84,21
20260519,ETH,19,32,-7.268712434734121,384,96
20260519,MMR,18,26,-6.101273907911617,312,78
20260519,IRN,19,16,-3.7622178363544,192,48
20260519,FRA,18,3,1.601630894868776,36,9
20260519,USA,19,4,0.626130700189965,48,12
20260519,CHN,17,10,-0.3246984403775166,120,30
20260520,ETH,19,33,-6.645961970393272,396,99
20260520,MMR,18,38,-6.688734923635411,456,114
20260520,IRN,14,17,-4.1922909549795415,204,51
20260520,FRA,18,2,0.5377702792551959,24,6
20260520,USA,17,7,0.11476353922572713,84,21
20260520,CHN,18,9,-0.06691182244127214,108,27
20260521,ETH,17,34,-8.329997323474155,408,102
20260521,MMR,17,48,-6.5578832557119595,576,144
20260521,IRN,14,15,-4.156680525686628,180,45
20260521,FRA,18,3,2.6105440202146433,36,9
20260521,USA,19,4,0.83308567242593,48,12
20260521,CHN,14,10,-0.5533708897047498,120,30
20260522,ETH,17,33,-7.700735857369431,396,99
20260522,MMR,14,18,-5.963394168320238,216,54
20260522,IRN,19,10,-3.480144766872213,120,30
20260522,FRA,14,2,1.8572122005884368,24,6
20260522,USA,18,1,0.8170430586482716,12,3
20260522,CHN,17,7,-0.6552392941611253,84,21
20260523,ETH,14,43,-7.020570747338822,516,129
20260523,MMR,14,22,-7.172729093404841,264,66
20260523,IRN,19,13,-4.539605241815604,156,39
20260523,FRA,17,2,1.8962760673454522,24,6
20260523,USA,19,6,0.6361426824460471,72,18
20260523,CHN,17,7,-0.4128893459677092,84,21
20260524,ETH,19,33,-7.429909544041595,396,99
20260524,MMR,14,16,-6.730268650050157,192,48
20260524,IRN,17,24,-3.320999206272573,288,72
20260524,FRA,19,1,1.369115932372907,12,3
20260524,USA,18,2,0.6189020292576005,24,6
20260524,CHN,19,6,-0.7461544326901568,72,18
20260525,ETH,14,31,-6.452545903419115,372,93
20260525,MMR,19,25,-7.338673287876845,300,75
20260525,IRN,17,26,-4.4167211108871145,312,78
20260525,FRA,14,3,1.9394326663856933,36,9
20260525,USA,14,3,-0.7478454430191266,36,9
20260525,CHN,19,8,-1.1575668125608938,96,24
20260526,ETH,14,64,-7.5179014115540586,768,192
20260526,MMR,18,30,-5.003365452245985,360,90
20260526,IRN,19,12,-3.816233763952735,144,36
20260526,FRA,14,2,2.0231191856545525,24,6
20260526,USA,14,5,0.012232516995665632,60,15
20260526,CHN,19,6,-0.97830915327956,72,18
20260527,ETH,18,41,-7.643741110216788,492,123
20260527,MMR,17,20,-6.665870513898842,240,60
20260527,IRN,14,21,-4.262439883132998,252,63
20260527,FRA,14,3,0.4512898949333024,36,9
20260527,USA,18,4,0.8987112488344546,48,12
20260527,CHN,17,10,-1.3318671681807135,120,30
20260528,ETH,17,34,-7.8364695640317965,408,102
20260528,MMR,14,26,-6.442231836386249,312,78
20260528,IRN,14,10,-3.854199279804364,120,30
20260528,FRA,19,2,1.3502341054101588,24,6
20260528,USA,18,6,0.07726544081568582,72,18
20260528,CHN,14,6,-0.945052523909333,72,18
20260529,ETH,18,40,-7.74095078761009,480,120
20260529,MMR,19,36,-5.674465701045542,432,108
20260529,IRN,19,13,-4.1719906619712255,156,39
20260529,FRA,17,3,2.2293860622216446,36,9
20260529,USA,17,3,0.37824371632672216,36,9
20260529,CHN,18,3,-0.5697500027847194,36,9
20260530,ETH,14,47,-6.0313981111904535,564,141
20260530,MMR,19,30,-6.914925970829898,360,90
20260530,IRN,17,16,-3.186916337357029,192,48
20260530,FRA,14,1,1.512543069898137,12,3
20260530,USA,19,5,0.9272633208146897,60,15
20260530,CHN,19,6,-1.0333058446370325,72,18
20260531,ETH,18,41,-6.530348931645694,492,123
20260531,MMR,19,13,-7.288390923361552,156,39
20260531,IRN,14,13,-3.9690474365201682,156,39
20260531,FRA,18,3,1.5380849060650825,36,9
20260531,USA,17,2,0.13566253112759474,24,6
20260531,CHN,17,8,-1.2757921773685172,96,24
